Nome: ILHA DE TRINDADE
Codigo Estacao: A650
Latitude: -20.48333333
Longitude: -29.32138888
Altitude: 5
Situacao: Fechada
Data Inicial: 2007-03-03
Data Final: 2011-08-30
Periodicidade da Medicao: Mensal

Data Medicao;TEMPERATURA MEDIA, MENSAL (AUT)(°C);
2007-03-31;null;
2007-04-30;null;
2007-05-31;null;
2007-06-30;null;
2007-07-31;null;
2007-08-31;null;
2007-09-30;null;
2007-10-31;null;
2007-11-30;null;
2007-12-31;null;
2008-01-31;null;
2008-02-29;null;
2008-03-31;null;
2008-04-30;null;
2008-05-31;null;
2008-06-30;null;
2008-07-31;null;
2008-08-31;null;
2008-09-30;null;
2008-10-31;null;
2008-11-30;null;
2008-12-31;null;
2009-01-31;null;
2009-02-28;null;
2009-03-31;null;
2009-04-30;null;
2009-05-31;null;
2009-06-30;null;
2009-07-31;null;
2009-08-31;null;
2009-09-30;null;
2009-10-31;null;
2009-11-30;null;
2009-12-31;null;
2010-01-31;null;
2010-02-28;null;
2010-03-31;null;
2010-04-30;null;
2010-05-31;null;
2010-06-30;null;
2010-07-31;null;
2010-08-31;null;
2010-09-30;null;
2010-10-31;null;
2010-11-30;null;
2010-12-31;null;
2011-01-31;null;
2011-02-28;null;
2011-03-31;null;
2011-04-30;null;
2011-05-31;null;
2011-06-30;null;
2011-07-31;null;
2011-08-31;null;

