Tipo,Categoria,Consumo,Consumidores,Inicio,FrequÃªncia,Comprimento_Serie
CATIVO,CHV,"[18120257.588      18128738.786      18429490.582      18918154.515
 18037960.067      17764778.194      17867068.94       17958670.429
 18460331.057      18420574.665      18240833.382      18300305.568
 17453740.787      16890043.625      17271277.969      17783539.855
 16897869.042      16930252.044      16599987.171      16637333.857
 17094366.739      16928627.408      16891975.333      16968106.976
 16477583.34       17233968.561      17405709.221      17171681.663
 16365056.454      16349376.562      16205713.979      16555909.938
 16766303.194      16691015.404      17061196.673      17217019.231
 17095007.         17232541.         17761362.         18235232.
 17437899.         16859100.         16524070.         16917071.
 17532504.         17586358.         17961397.         17710605.
 17837099.         18361596.         18021924.         18136213.
 18204585.         17743134.         17874162.         18535081.
 18553167.         18953476.         19134262.         18175448.
 18001058.2        18284481.01       19088815.01       19022143.5
 18144786.3        17873024.45       18059618.23       18479906.5
 18710781.71       19047676.74       19307240.6        19812343.6
 19364438.723      19704751.         20197032.         20036780.
 19089437.         18880647.         18484253.         19264961.
 19607558.504      19291173.462      19227614.687      20230332.689
 20256562.         20658533.         20672291.         20307470.
 19849354.         19443129.         19531542.         20011207.
 20631763.         20254806.         20043308.         20468414.
 20024555.732      20867044.934      21846898.022      21323645.371
 20067454.873      20080627.774      19393153.091      20137516.877
 20705793.494      20593924.227      21498860.909      21168490.961
 21408946.         21280507.         21207822.         20810682.
 20723068.         20356566.         20181738.         20741350.
 20825776.         21242100.         21738624.         21761485.
 22519124.         24164448.3        22656841.         21862416.
 21542628.         20615034.         20689645.         21120018.
 21369134.         22469801.         23039911.         22348304.
 23303997.309      23500119.         22224866.         22117168.
 20845501.         20231101.         20070710.         20745329.
 20663562.         21769113.         21876741.         21513888.
 21753504.         22017500.         21864030.         22695732.
 20897571.         19849432.         19436791.         19383259.
 19901817.         19595018.         19815850.         20006373.
 20678775.18       20384190.507      21258694.289      20001345.787
 18897338.745      18704289.3        18150983.37       18166747.6
 19195494.         19208829.         19459868.         19519307.
 19902504.015      20049616.655      20472484.578      20459461.025
 19640535.183      18630778.509      18449143.677      18579096.037
 19095378.374      19366183.65       19506987.067      20002037.096
 21174352.456      21613590.733      20658758.432      19611925.44
 19785140.104      18510824.634      18059716.612      18353214.627
 18995179.21799999 19784332.97       20542531.534      19785597.421
 20252656.10000001 20269011.622      20007335.827      18424901.954
 17278232.91       16880424.263      17412343.939      18078192.228
 18672054.459      20090201.685      19215665.768      19871295.48
 20319303.026      19676290.947      20817331.868      19877482.087
 18203911.946      18000913.259      17616436.94       17925482.748
 18957915.845      18860763.684      18300994.224      19348720.118
 19362128.448      19341164.617      20556361.468      19566051.62
 18215544.357      17714345.358      17514739.38       17918539.304
 18242492.077      18101506.66       18458596.165      19398206.021
 18608807.72       19666109.37       20537058.479      20058528.832
 18217039.51       18113811.557      17639264.877      18127548.314
 18868920.916      19883917.157      20188712.645      21104406.86
 20827440.228      20604461.016      21298927.756      20328384.97
 19996048.915      18932688.169      18021183.662      18457234.626
 18687981.856      19853306.85400001 18925022.684      19423805.65
 19515419.276      20548791.699      20872093.175      18659203.543
 17994091.566      17294913.833             0.        ]","[53331275.    53560192.595 53751078.079 53934062.    53841309.
 53973855.    54097775.    54323121.    54403926.    54797451.
 54701420.    54842923.    55370816.    55436106.    55625822.
 55735754.    55764322.307 56018609.307 56161280.307 56322008.
 56462947.461 56628029.461 56766920.53  56941976.576 57180385.474
 57318674.46  57504933.    57609801.    57789205.    57924467.
 58065641.    58259189.    58452658.    58578095.    58895952.
 58978724.    59087811.    59354619.    59561486.    59555275.
 59748280.    59931782.    60058994.    60295467.    60452089.
 60704431.    60877777.    61081716.    61345496.    61788438.
 62048274.    62178712.    62340126.    62206021.    62389390.
 62596769.    62801341.    63036950.    63082334.    63366101.
 63514515.    63489402.    64007678.    64072400.    64188620.
 64309815.    64623574.    64688751.    64906206.    65147298.
 65288735.    65527345.    65741576.    65828691.    66226631.
 66306118.    66473362.    66640531.    66861914.    67100529.
 67276859.    67393297.    67782320.    67905461.    68118259.
 68327606.    68485687.    68673224.    68981940.    69083738.
 69387939.    69571616.    69718498.    69871857.    70100035.
 70320964.    70504711.    70638070.    70846097.    70974472.
 71066886.    71209750.    71349711.    71646990.    71793853.
 72058081.    72219761.    72374444.    72563894.    72792917.
 72992954.    73145381.    73343259.    73546259.    73768216.
 73948357.    74146410.    74389112.    74602187.    74810612.
 75033221.    75279282.    75465222.    75646732.    75855132.
 76010808.    76209960.    76317468.    76618822.    76773902.
 76878951.    77167716.    77315855.    77508452.    77201309.
 77342255.    78085787.    78250282.    78334482.    78334933.
 78626005.    78847521.    78966787.    79103396.    79288195.
 79438125.    79387317.    79592148.    79815365.    79939336.
 80116873.    80244830.    80346713.    80393201.    80580252.
 80724613.    80788262.    80899752.    81085506.    81147701.
 81372107.    81462358.    81603998.    81800685.    81889169.
 81973874.    82218818.    82453088.    82382992.    82470483.
 82707846.    82842152.    82996896.    83081180.    83244117.
 83287490.    83371036.    83502718.    83605445.    83669300.
 83851891.    83943481.    84077495.    84188433.    84376684.
 84308093.    84508471.    84723547.    84841906.    84978181.
 84976157.    85058825.    84995588.    85055999.    85257937.
 85287121.    84793225.    85216415.    85523146.    85997385.
 86203562.    86289244.    86372229.    86627431.    86802177.
 86809825.    87056164.    87017279.    87110697.    87371991.
 87597886.    87751817.    87809286.    87989524.    87979983.
 88033319.    88690958.    88771267.    88915735.    89102020.
 89407322.    89506052.    89700022.    90027144.    90218149.
 90170155.    90308687.    90543445.    91011719.    91096002.
 91307773.    91545960.    91599959.    91899647.    92025911.
 92049225.    92168127.    92452942.    92484442.    92800017.
 92630857.    93048470.    93129454.    93273603.    93145935.
 93244970.    93555188.    93948818.    93906996.    94283939.
 94182544.    94227357.    94060978.    94169854.    94354095.
 94719562.    94796566.    94696973.           0.   ]",2004-01-01,Mensal,259
CATIVO,SHV,"[5886826.134 5504350.165 5780388.121 5893731.683 5870398.305 5323416.122
 4779953.943 4888812.977 5015909.626 5068034.905 5160150.005 5217571.24
 5144139.544 4890607.832 5016494.028 5014137.16  5019106.18  4900840.639
 4934586.566 5010556.316 5089419.476 5165908.825 5255963.405 5269324.857
 5059562.831 4915160.659 5095133.65  4981711.513 4926788.88  4920880.916
 4913812.926 5108219.625 5196315.4   5336897.364 5349948.366 5311280.318
 5330791.    5112301.    5106370.    5275992.    5302378.    5307580.
 5284790.    5388495.    5354605.    5649210.    5747929.    5728918.
 5799795.235 5600020.653 5653588.812 5563009.284 5690109.365 5562397.811
 5700363.043 5832228.636 6008542.691 6183869.377 6108039.533 5977954.45
 5831715.    5593795.    5819892.    5817373.    5646920.    5647376.
 5753466.    5980050.    6119566.    6325379.    6348799.    6578312.
 6126443.106 5995354.748 6512147.82  6385606.491 6422839.    6434562.
 6319626.    6311091.229 6451393.511 6664408.527 6668130.572 6682297.712
 6491560.262 5991258.658 6441073.052 6414848.049 6341537.385 6345900.72
 6440000.622 6632065.841 6719925.336 6809603.383 6717929.766 6877686.783
 6628684.082 6375173.547 6719770.429 6570851.777 6722598.154 6539033.832
 6433073.908 6707611.697 6662660.161 6801881.388 6833426.655 6795785.024
 6917323.738 6756510.72  6887764.551 7122854.428 6968279.566 6756287.008
 6923516.027 6952414.262 7021810.164 7445693.377 7351290.54  7357317.244
 7405151.    7191026.    7384623.    7303969.    7433751.    7193943.
 7339104.    7437741.    7609228.    7788844.    7753118.    7765642.
 7722801.876 7514599.    7593087.    7521271.    7582795.    7407097.
 7187552.    7308787.49  7530093.    7832410.    7830290.    7974042.
 7498191.    7237576.6   7698824.    7497212.    7595270.    7494639.
 7291247.    7413009.    7492790.    7555582.    7673739.    7653539.
 7184933.    6849259.    7183445.    7060512.    7291274.    7167202.
 6820876.    7064435.    7135841.    7460171.    7484279.    7425345.
 6751387.824 6491739.119 6668553.02  6732014.706 6730472.427 6657460.801
 6491246.296 6731587.412 6781295.724 7210886.624 7289574.92  6933781.447
 6782638.243 6714009.631 6944161.922 6736890.306 6990437.861 6667957.983
 6679494.115 6605200.017 6878269.249 7210614.202 7383541.805 7563121.197
 6970800.074 6740163.103 6922157.165 6560892.683 6390228.362 6254549.432
 6490643.383 6547960.792 6857584.039 7237953.918 6922856.33  6877534.323
 7045658.414 6732153.727 6805896.219 6955099.392 6643722.473 6814843.035
 6639030.9   6815653.432 7041940.937 7261836.211 7179648.7   7297976.459
 6841449.757 6545860.548 7008383.477 6778801.7   6908241.612 6646589.099
 6599456.055 6863676.103 7093810.11  7205151.906 7300697.985 7150995.029
 6896015.902 6714995.73  7088673.543 6960295.862 7211850.31  7056949.499
 6838389.51  7142076.687 7492018.335 7620565.679 7927576.805 7775049.327
 7579891.412 7302438.349 7302427.014 7510909.024 7445993.654 7318915.506
 7090631.762 7212867.668 7473980.244 7551938.872 7780139.841 7632760.515
 7252774.724 6952210.085 7052139.111 7153879.737 7372749.598 7037563.503
       0.   ]","[15379129.    15484829.595 15524473.    15650207.    15541481.
 15580535.    15602028.    15750600.    15750999.    15832327.
 15910812.    15949751.    16051910.    16067675.    16141413.
 16184284.    16196098.307 16281793.307 16352862.307 16418439.
 16469597.461 16537515.461 16599711.53  16677441.576 16756446.474
 16827487.46  16904415.    16969396.    17035942.    17106459.
 17159693.    17229002.    17314052.    17389166.    17466552.
 17554135.    17533428.    17754706.    17854372.    17773326.
 17856812.    17933404.    18010699.    18092793.    18173697.
 18278147.    18353428.    18440553.    18526334.    18615120.
 18692432.    18764617.    18829207.    18878260.    18953581.
 19030644.    19113656.    19190578.    19267926.    19390642.
 19454558.    19497408.    19615416.    19671701.    19726146.
 19835353.    19901064.    19999980.    20134481.    20183090.
 20320745.    20413801.    20505444.    20578436.    20706752.
 20796536.    20880791.    20961811.    21051987.    21134434.
 21199120.    21330858.    21411394.    21483549.    21585219.
 21665199.    21743288.    21817220.    21893263.    21978373.
 22059220.    22127031.    22178587.    22228796.    22336063.
 22392344.    22462854.    22509081.    22559411.    22615313.
 22632199.    22734267.    22817501.    22974816.    23051256.
 23129076.    23186597.    23255563.    23341719.    23409312.
 23465189.    23541863.    23606174.    23675048.    23737660.
 23810453.    23898431.    23973421.    24046699.    24122340.
 24229575.    24305875.    24393902.    24460831.    24539699.
 24606083.    24691330.    24769104.    24847339.    24925344.
 24986848.    25067751.    25152520.    25210886.    25299005.
 25369495.    25422748.    25477873.    25537633.    25601497.
 25674338.    25747435.    25767958.    25859760.    25894740.
 25967798.    25968041.    26064976.    26204411.    26257127.
 26347553.    26395188.    26450436.    26489794.    26535248.
 26597729.    26658118.    26684462.    26773064.    26814635.
 26905403.    26938938.    27003619.    27077055.    27122457.
 27188053.    27216502.    27242455.    27226773.    27248117.
 27333488.    27375858.    27420466.    27468182.    27524853.
 27542822.    27561018.    27614556.    27632153.    27655641.
 27692803.    27748410.    27766692.    27802542.    27869867.
 27774666.    27898201.    28074005.    28125609.    28153471.
 28052175.    28231086.    28180186.    28247900.    28339062.
 28785823.    28220728.    28364436.    28443159.    28617282.
 28648752.    28748890.    28782951.    28837342.    28829465.
 28943547.    29000215.    28923892.    28982253.    29042204.
 29173833.    29205220.    29211599.    29303881.    29230668.
 29267905.    29532009.    29521986.    29601631.    29655551.
 29750276.    29777080.    29840010.    29967931.    30004810.
 30082194.    30126479.    30245418.    30459158.    30469293.
 30482113.    30601239.    30712684.    30729848.    30771200.
 30666668.    30879512.    31032926.    31100466.    31180201.
 31219807.    31130788.    31155000.    31324285.    31376772.
 31431355.    31620962.    31474163.    31594620.    31785825.
 31715979.    31714835.    31807317.    31796156.    31801606.
 32112597.    32044259.    31989079.           0.   ]",2004-01-01,Mensal,259
CATIVO,Residencial,"[ 6780680.373  6429337.18   6600338.007  6809006.361  6477341.432
  6291091.533  6292471.042  6304477.069  6604390.033  6606513.86
  6631190.163  6643371.195  7118537.783  6758333.1    6865215.603
  7131738.269  6718147.337  6776657.851  6644820.476  6704784.133
  6949354.55   6917987.523  6976440.905  7077729.55   7167631.952
  7131815.538  7408516.681  7229825.818  6933355.613  6963614.779
  6892915.368  6939971.547  7128370.581  7182235.971  7438708.379
  7366884.598  7710353.     7392941.     7594317.     7728826.
  7491488.     7204161.     7071277.     7344516.     7449312.
  7511776.     7768281.     7618124.     8134240.673  7958717.008
  7693600.865  7754681.104  7933880.683  7621230.414  7653505.215
  7880631.602  7815707.904  8119784.796  8237719.125  7942689.348
  8604549.     8149451.     8489683.     8472103.     8188290.
  7909210.     8104995.     8402964.     8416801.     8525741.
  8635752.     8876631.     9235076.     8912339.     9152747.
  9150250.     8708999.     8675796.     8447539.     8812297.
  8903996.     8951048.     8962739.     9301844.     9810199.
  9405182.     9507847.     9236686.     9137821.     8867816.
  9128445.     9201316.     9523959.     9364967.     9303323.
  9483105.     9800235.553  9704924.77  10270603.424  9928135.465
  9532019.14   9604889.498  9274297.07   9621636.852  9748529.22
  9787981.066 10239385.165 10133212.302 10924885.    10474529.
 10356996.    10301585.    10241914.    10092191.    10022335.
 10280497.    10251165.    10545296.    10710888.    10705681.
 11798319.    11878858.    11288501.    10780340.    10877148.
 10321869.    10555858.    10541572.    10575615.    11140609.
 11382391.    11160770.    12558302.07  11780261.    11098110.
 10889663.    10541785.    10112848.    10110752.    10312915.
 10436503.    11133353.    11131741.    11083535.    11830096.
 11351945.    11316243.    11782473.    10932332.    10613953.
 10380620.    10427772.    10890071.    10855564.    11133955.
 11357061.    11905635.    11369318.    12148596.    11135086.
 10938716.    10790363.    10428345.    10474921.    11096399.
 11174415.    11461775.    11441127.    11956876.928 11658567.463
 11949925.612 11932569.8   11400345.55  11065830.447 10790173.722
 10808430.207 11129205.169 11526543.151 11758471.387 11718315.908
 12937806.024 12626300.41  12383711.468 11569121.807 11926232.047
 11049947.316 10951801.305 10986640.856 11378824.274 11972683.905
 12423293.038 12200361.902 12908260.659 12382895.763 12431415.39
 12317889.169 11755429.937 11395468.913 11706238.099 11851295.9
 12239990.559 13089686.182 12777454.966 13312413.202 13653561.07
 12875575.391 13256125.7   13358596.752 11973657.267 12012389.103
 11712264.238 11849544.532 12610762.828 12551626.042 12391745.923
 13098917.806 13063159.814 12919991.037 13920233.753 12871669.228
 12276617.3   11916041.238 11976375.552 12075309.939 12504944.662
 12604802.241 12949280.26  13688211.921 13069699.87  13730552.352
 14366042.268 13702492.044 13078429.274 12838197.116 12583011.171
 12998579.363 13684394.628 14419593.398 14941061.351 15318599.363
 15445413.589 15206548.035 15611180.326 14946723.612 14841833.48
 13969224.083 13430604.327 13744072.006 14208155.246 15078461.471
 14799743.177 15229038.544          nan          nan          nan
          nan          nan          nan          nan]","[45430039.    45630099.    45874005.    46044908.    45965740.
 46078802.    46185866.    46379790.    46444030.    46807640.
 46749980.    46848803.    47310842.    47370980.    47537195.
 47628550.    47646178.182 47859338.182 47974144.182 48113779.
 48231324.215 48364511.215 48477738.25  48620918.303 48832682.257
 48949655.202 49142423.    49223956.    49381893.    49488764.
 49619532.    49775917.    49930638.    49993268.    50264291.
 50318859.    50411787.    50616909.    50794759.    50809168.
 50968860.    51120945.    51216986.    51420926.    51518818.
 51736528.    51878451.    52057455.    52285499.    52669169.
 52916044.    53037415.    53197046.    53058089.    53202195.
 53414111.    53648913.    53862496.    53902747.    54156879.
 54258623.    54269879.    54630946.    54711872.    54814253.
 54931592.    55159860.    55237523.    55442504.    55597776.
 55735510.    55949403.    56111732.    56224639.    56540077.
 56638313.    56795348.    56934054.    57126999.    57343690.
 57496824.    57565336.    57900214.    58006079.    58183991.
 58388142.    58499774.    58641852.    58909272.    58983656.
 59247444.    59417081.    59528802.    59597119.    59743665.
 59907083.    60055340.    60183237.    60361583.    60457849.
 60512633.    60635849.    60756114.    61010843.    61153048.
 61397185.    61552079.    61697228.    61853815.    62073586.
 62265199.    62400927.    62587920.    62786217.    62960302.
 63132080.    63279862.    63481975.    63665591.    63862330.
 64047311.    64284559.    64463187.    64626422.    64807449.
 64937801.    65129699.    65228365.    65484144.    65630035.
 65741529.    66006545.    66158585.    66324029.    66011656.
 66119519.    66846174.    66981801.    67061963.    67063442.
 67322607.    67528962.    67624544.    67746480.    67885189.
 68062676.    68062707.    68237273.    68436309.    68550599.
 68711532.    68828663.    68916120.    68967040.    69144246.
 69277400.    69338019.    69453616.    69627819.    69687290.
 69887798.    69990910.    70129610.    70312145.    70365850.
 70460217.    70682100.    70906516.    70845995.    70928804.
 71166013.    71297329.    71390898.    71490489.    71657143.
 71710038.    71800681.    71924061.    72023096.    72081459.
 72250204.    72335694.    72466363.    72572415.    72743384.
 72799444.    72864532.    73032010.    73078075.    73258190.
 73274312.    73332637.    73255056.    73307337.    73491022.
 73434980.    73092973.    73530274.    73799345.    74191084.
 74381785.    74472418.    74566318.    74808188.    75001110.
 74993968.    75210058.    75189003.    75271305.    75519323.
 75719388.    75887478.    75966902.    76145434.    76171887.
 76245552.    76834967.    77030469.    77273134.    77501073.
 77788706.    77910666.    78103287.    78401739.    78575825.
 78550504.    78699811.    78939055.    79356507.    79457640.
 79692714.    79951029.    80020981.    80295191.    80444586.
 80463287.    80589828.    80866423.    80896211.    81242648.
 81097470.    81587486.    81692373.    81790390.    81784101.
 81843721.    82173641.    82544750.    82541515.    82874116.
 82904399.    82944635.             nan          nan          nan
          nan          nan          nan          nan]",2004-01-01,Mensal,259
CATIVO,Industrial,"[9066706.879 9305783.558 9577173.802 9695977.56  9539948.329 9159914.93
 8654157.049 8839850.942 8742969.351 8600233.784 8580400.557 8435115.199
 6978771.254 6807912.429 6954888.987 7010917.183 6910322.838 6838595.674
 6845900.544 6851044.331 6771327.983 6669050.415 6538550.565 6504027.256
 5747975.305 6055942.188 6167308.031 6101496.399 5969041.151 6046362.36
 6005044.671 6212500.404 6116687.084 6149382.454 6119667.055 6079725.329
 5601371.    5983386.    6110682.    6298314.    6202432.    6291358.
 6179612.    6269518.    6339584.    6361198.    6402820.    6350357.
 5906222.408 6522654.442 6532501.989 6600691.645 6708795.051 6657508.024
 6889225.378 7087235.963 7096965.195 7173045.336 6929263.085 6335227.88
 5425558.    6050193.    6315383.    6345815.    6160979.    6351429.
 6422534.    6592489.    6676360.    6839879.    6802325.    6852869.
 5910982.    6404362.    6713914.    6703263.    6619981.    6704290.
 6631668.    6711969.    6677111.    6601775.    6549520.    6561406.
 5820166.    6151944.    6407620.    6474812.    6331105.    6465955.
 6425079.    6640189.    6601833.    6479432.    6381946.    6397956.
 5459242.355 5951732.25  6070777.973 6002940.729 5807980.964 5815347.433
 5695860.803 5895434.576 5896489.005 5780081.671 5833544.042 5730106.255
 5073128.    5545585.    5525106.    5630920.    5647381.    5540397.
 5618262.    5692639.    5655201.    5833202.    5758041.    5659677.
 4984978.    5747055.    5672224.    5693009.    5589920.    5519335.
 5527690.    5787910.    5810748.    5863134.    5899614.    5718968.
 4902015.756 5606355.    5481427.    5532595.    5367058.    5328589.
 5154093.    5262221.49  5149907.    5261332.    5199021.    5060239.
 4324802.    4852439.6   4902832.    4808115.    4683918.    4554371.
 4455052.    4343360.    4178774.    4036987.    3906544.    3769065.
 3203852.    3416713.    3404489.    3441525.    3250072.    3320873.
 3259820.    3253945.    3250189.    3247220.    3244554.    3271186.
 2384370.758 2717010.998 2735197.208 2754336.421 2721256.053 2547010.481
 2652455.819 2736426.846 2737409.241 2707046.128 2694958.083 2689271.561
 2240464.55  2608449.347 2523310.132 2521712.537 2466229.134 2400440.92
 2355572.225 2395158.672 2403766.737 2428241.879 2433384.495 2364269.192
 1883966.65  2244546.507 2197431.843 1822083.991 1705037.922 1809414.166
 1975855.829 2078012.218 2149191.485 2237640.112 2019321.044 1929787.113
 1861306.183 1961405.315 2250075.62  2046212.333 1896086.089 1911949.134
 1917514.361 1977759.976 1991611.379 1944512.135 1906747.287 1878527.258
 1696379.103 1757537.951 1820678.435 1892899.997 1759460.91  1831777.585
 1792346.845 1844922.401 1862459.942 1767142.275 1744709.784 1699331.668
 1551061.9   1622984.711 1630273.59  1729113.004 1548127.15  1623919.447
 1585324.195 1603475.144 1631454.57  1574112.104 1567459.128 1550822.2
 1365270.674 1447782.053 1438635.464 1429211.604 1367602.593 1355922.406
 1273033.83  1321727.287 1270397.307 1245974.014 1232455.295 1110879.15
         nan         nan         nan         nan         nan         nan
         nan]","[506577.    505805.135 506382.493 506583.    504642.    505236.
 504296.    504477.    506131.    507849.    510489.    504463.
 506179.    504927.    505373.    505525.    505951.01  506790.01
 507337.01  507951.    508270.013 508507.013 508831.012 510047.011
 509412.012 509327.006 508724.    508500.    509025.    509097.
 510799.    509605.    509961.    513017.    513943.    514787.
 513717.    515950.    517002.    515303.    515456.    516307.
 517260.    518336.    519630.    522678.    523469.    524589.
 527073.    530333.    533513.    534883.    534626.    530902.
 531567.    524679.    524456.    525971.    526302.    528041.
 527111.    524536.    528746.    529127.    528708.    529911.
 531667.    531672.    534164.    535003.    536166.    535647.
 538345.    533745.    542867.    541273.    541445.    543424.
 543750.    545311.    546958.    546398.    553561.    552357.
 552843.    553372.    554506.    555755.    559358.    560765.
 560171.    553528.    552147.    554961.    556296.    556282.
 556844.    557151.    558866.    558828.    560848.    561277.
 562540.    564733.    566415.    568258.    569140.    570853.
 571441.    572246.    573643.    574458.    575960.    576244.
 577493.    578595.    579833.    581377.    582209.    582200.
 582385.    582637.    581967.    581187.    581623.    581526.
 580800.    580111.    580475.    579170.    572267.    571370.
 570037.    570567.    569520.    569077.    567962.    560192.
 556604.    553228.    553485.    551088.    547841.    546066.
 546115.    546052.    542256.    541366.    540474.    539492.
 538105.    537249.    535352.    534272.    532944.    531455.
 528115.    526812.    525902.    524735.    524918.    523186.
 522105.    521333.    521313.    523026.    523872.    522816.
 521667.    521976.    520014.    518902.    517733.    517103.
 516451.    515531.    514257.    513625.    512947.    512285.
 511803.    510349.    509783.    509683.    474070.    467110.
 466942.    467185.    465701.    466416.    465042.    464643.
 463955.    464203.    462610.    461146.    459906.    459366.
 459329.    460457.    461138.    460491.    461331.    460521.
 460687.    454808.    457316.    457866.    459723.    460667.
 460965.    461618.    461306.    460979.    461396.    461105.
 462246.    458997.    451839.    450985.    451667.    450907.
 449824.    447419.    447331.    447023.    446781.    446863.
 445321.    445025.    446302.    446628.    446357.    447415.
 447191.    447250.    447569.    447940.    448139.    449108.
 448350.    442735.    447589.    446288.    442181.    441643.
 443583.    445074.    438957.    438897.    428502.    427964.
        nan        nan        nan        nan        nan        nan
        nan]",2004-01-01,Mensal,259
CATIVO,Comercial,"[4220228.79  4123008.329 4178482.674 4420409.297 4074520.282 3807916.881
 3856244.627 3835079.799 4085830.474 4151351.831 4188595.5   4362831.602
 4445266.061 4318517.887 4506507.532 4638131.991 4329877.093 4247401.865
 4099567.377 4092191.332 4308502.066 4356878.554 4475715.661 4599352.936
 4567635.517 4745343.963 4793045.116 4747896.608 4334890.944 4225565.464
 4134153.603 4309463.21  4410721.599 4480740.602 4662415.105 4834364.402
 4825523.    4809237.    4981067.    5155623.    4745510.    4450888.
 4353510.    4407561.    4642086.    4742935.    4958240.    5009245.
 5073996.846 5041960.48  5094734.135 5056655.057 4945200.796 4692351.199
 4653819.74  4840684.672 4961563.982 5112907.142 5353652.593 5235566.721
 5210266.    5288222.    5541801.    5527885.    5092605.    4884543.
 4856250.    4980653.    5152330.    5337779.    5601916.    5923502.
 5666554.    5695536.    5969775.    5803401.    5448626.    5214110.
 5021155.    5235680.    5441691.    5485843.    5597543.    6050027.
 5973294.    6064302.    6109232.    6030282.    5744384.    5463774.
 5407638.    5615440.    5848895.    5884431.    5920895.    6201549.
 6146055.318 6287304.752 6695613.529 6505923.3   6064814.272 5925021.713
 5667011.687 5920231.935 6108884.314 6179712.391 6603443.03  6603300.374
 6686304.    6524253.    6638468.    6508478.    6314498.    6080536.
 5946465.    6088123.    6236795.    6537412.    6825560.    7012399.
 7152194.    7603298.    7164640.    6993319.    6744760.    6319256.
 6242496.    6448404.    6640075.    7048409.    7383843.    7262711.
 7457969.855 7486461.    7319908.    7310512.    6800740.    6540802.
 6316692.    6547262.    6622472.    7063745.    7206668.    7256796.
 7149050.    7116453.    7171069.    7380052.    6719685.    6205737.
 6016887.    5997624.    6184288.    6144796.    6360976.    6445494.
 6561836.    6453411.    6695793.    6371524.    6001103.    5769013.
 5461926.    5474014.    5829699.    5962379.    6091487.    6194572.
 6132831.494 6190519.246 6333822.634 6371322.53  6026479.019 5572605.085
 5417198.388 5537320.709 5676613.671 5985748.435 6094684.62  6220800.125
 6431689.184 6612861.417 6379207.803 6131314.755 6134912.687 5620339.884
 5412174.815 5409691.131 5656839.14  6014589.687 6347285.841 6228722.588
 6125255.546 6231271.621 6061992.278 4984340.643 4438337.715 4217585.726
 4434413.536 4636451.631 4923239.812 5454765.978 5243583.391 5475368.456
 5535406.878 5491076.429 5957796.43  5295692.128 4900400.781 4865850.459
 4687657.829 4823196.817 5159730.179 5290873.563 5245686.507 5594073.77
 5508481.62  5579089.53  5875320.632 5746791.629 5286799.328 4977546.216
 4906183.755 5023218.063 5117933.755 5086697.515 5307001.739 5507773.054
 5387914.046 5530871.981 5789943.773 5759383.145 5209295.068 5055171.059
 4798698.889 5019529.018 5242526.673 5529205.012 5615195.122 5863114.679
 5713935.773 5671684.124 5789150.237 5676764.021 5564583.426 5174482.05
 4850604.933 4928516.829 5063567.098 5378801.256 5224497.799 5309228.724
         nan         nan         nan         nan         nan         nan
         nan]","[4238307.    4245586.    4252172.503 4261081.    4244656.    4253483.
 4260038.    4274715.    4276973.    4288772.    4238483.    4279093.
 4316767.    4315200.    4321625.    4326185.    4325466.147 4341518.147
 4346912.147 4348574.    4349013.226 4355807.226 4360538.258 4368071.202
 4371705.199 4374271.187 4348574.    4352712.    4352090.    4365959.
 4365118.    4373746.    4382204.    4415790.    4426149.    4430909.
 4416810.    4451294.    4463101.    4443663.    4454119.    4463096.
 4470386.    4479755.    4487038.    4504550.    4519124.    4528687.
 4559039.    4595055.    4606847.    4612506.    4627675.    4602486.
 4616386.    4612374.    4630915.    4636308.    4635413.    4634625.
 4663786.    4667688.    4710462.    4721739.    4725694.    4732385.
 4747510.    4746728.    4760516.    4772412.    4782761.    4794306.
 4804222.    4794597.    4818674.    4821281.    4830847.    4837685.
 4849815.    4855855.    4868231.    4867754.    4890387.    4901563.
 4918807.    4933030.    4963033.    4999885.    5023867.    5046023.
 5063556.    5069106.    5079469.    5080466.    5098077.    5119713.
 5130759.    5136010.    5152622.    5168518.    5192406.    5203936.
 5212940.    5243303.    5252807.    5264063.    5265758.    5270029.
 5282761.    5287586.    5297520.    5306010.    5317773.    5327982.
 5345356.    5352224.    5379719.    5407719.    5426199.    5443411.
 5458169.    5464375.    5463155.    5483204.    5506353.    5517385.
 5517801.    5528750.    5547427.    5552486.    5555938.    5564353.
 5564419.    5572463.    5588991.    5620857.    5620303.    5645858.
 5642791.    5638868.    5646128.    5652597.    5671964.    5687275.
 5716807.    5687177.    5643799.    5668939.    5680774.    5688069.
 5698277.    5702308.    5706559.    5699018.    5705943.    5712916.
 5708496.    5706180.    5713615.    5711514.    5721369.    5724399.
 5725544.    5732540.    5753975.    5732941.    5745287.    5748368.
 5738086.    5742426.    5746698.    5744432.    5773645.    5775835.
 5780940.    5777048.    5767415.    5773012.    5775498.    5778443.
 5784235.    5784932.    5786417.    5792152.    5834706.    5835212.
 5838073.    5862377.    5856110.    5880420.    5867008.    5882799.
 5895299.    5863835.    5868373.    5876060.    5832282.    5811925.
 5819470.    5831479.    5839912.    5835079.    5848335.    5841134.
 5842383.    5855032.    5869191.    5853490.    5854791.    5859077.
 5868281.    5870237.    5876107.    5875547.    5874290.    5875937.
 6085822.    6085432.    6031778.    6025591.    6032566.    6029823.
 6038812.    6057587.    6074038.    6069577.    6075722.    6088752.
 6094652.    6091627.    6108704.    6107573.    6105130.    6126810.
 6119341.    6129975.    6129043.    6134006.    6143836.    6158142.
 6125268.    6145116.    6135279.    6119787.    6084205.    6074414.
 6071079.    6152837.    6127684.    6123687.    6100520.    6108344.
         nan         nan         nan         nan         nan         nan
         nan]",2004-01-01,Mensal,259
CATIVO,Outros,"[3939467.68  3774959.884 3853884.22  3886492.98  3816548.329 3829270.972
 3844150.165 3868075.596 4043050.825 4130510.095 4000797.167 4076558.812
 4055305.233 3895888.041 3961159.875 4016889.572 3958627.954 3968437.293
 3944285.34  3999870.377 4154601.616 4150619.741 4157231.607 4056322.091
 4053903.397 4216027.531 4131973.043 4074174.351 4054557.626 4034714.875
 4087413.263 4202194.402 4306839.33  4215553.741 4190354.5   4247325.22
 4288551.    4159278.    4181666.    4328461.    4300847.    4220273.
 4204461.    4283971.    4456127.    4619659.    4579985.    4461797.
 4522434.308 4438284.723 4354675.823 4287194.478 4306817.835 4334442.174
 4377974.71  4558757.399 4687472.61  4731608.103 4721666.73  4639918.501
 4592400.2   4390410.01  4561840.01  4493713.5   4349832.3   4375218.45
 4429305.23  4483850.5   4584856.71  4669656.74  4616046.6   4737653.6
 4678269.829 4687868.748 4872743.82  4765472.491 4734670.    4721013.
 4703517.    4816106.229 5036154.015 4916915.989 4785943.259 4999353.401
 5144463.262 5028363.658 5088665.052 4980538.049 4977581.385 4991484.72
 5010380.622 5186327.841 5377001.336 5335579.383 5155073.766 5263490.783
 5247706.588 5298256.709 5529673.525 5457497.654 5385238.651 5274402.962
 5189057.439 5407825.211 5614551.116 5648030.487 5655915.327 5497657.054
 5641952.738 5492650.72  5575016.551 5492553.428 5487554.566 5399729.008
 5518192.027 5632505.262 5704425.164 5771883.377 5795425.54  5741045.244
 5988784.    6126263.3   5916099.    5699717.    5764551.    5648517.
 5702705.    5779873.    5951924.    6206493.    6127181.    5971497.
 6108511.504 6141641.    5918508.    5905669.    5718713.    5655959.
 5676725.    5931718.    5984773.    6143093.    6169601.    6087360.
 5947747.    5934239.    6172710.    6222304.    6156906.    5970010.
 5875479.    6027512.    6141474.    6113253.    6088114.    6088292.
 6192385.18  5994007.507 6193261.289 6113722.787 5998721.745 5991242.3
 5821768.37  6028302.6   6155048.    6284986.    6146331.    6037767.
 6179812.659 5975258.067 6122092.144 6133246.98  6222926.988 6102793.297
 6080562.044 6228505.687 6333446.017 6357732.56  6248447.897 6307430.949
 6347030.941 6479989.19  6316690.951 6126666.647 6248204.097 6108054.497
 6019662.382 6166923.985 6434018.316 6579431.701 6722109.965 6555364.936
 6305973.319 6150460.834 6238653.481 5861480.834 5769655.698 5712504.89
 5786479.858 6060393.271 6217216.642 6546063.331 6098162.697 6031261.032
 6314687.309 6080387.539 6159230.337 6132080.266 6077490.282 6025567.598
 5938031.412 6090634.855 6237752.396 6335588.155 5936463.207 6075177.743
 5935557.668 5630406.647 5948512.125 5833492.466 5800908.431 5635569.418
 5439289.283 5838765.004 5850963.828 5848016.535 5758302.367 5653884.407
 5496147.806 5496696.056 5839472.391 5827836.501 5593038.328 5653473.434
 5510620.132 5648041.476 5802563.38  5981572.322 5992573.849 6146919.945
 5882711.604 5580885.153 5762388.743 5786594.757 5668023.07  5751975.136
 5557572.334 5675786.172 5619842.449 5702008.985 5448466.254 5407419.747
         nan         nan         nan         nan         nan         nan
         nan]","[3156352.    3178702.46  3118518.083 3121490.    3126271.    3136334.
 3147575.    3164139.    3176792.    3193190.    3202468.    3210564.
 3237028.    3244999.    3261629.    3275494.    3286726.968 3310962.968
 3332886.968 3351704.    3374340.007 3399204.007 3419813.01  3442940.06
 3466586.006 3485421.065 3505212.    3524633.    3546197.    3560647.
 3570192.    3599921.    3629855.    3656020.    3691569.    3714169.
 3745497.    3770466.    3786624.    3787141.    3809845.    3831434.
 3854362.    3876450.    3926603.    3940675.    3956733.    3970985.
 3973885.    3993881.    3991870.    3993908.    3980779.    4014544.
 4039242.    4045605.    3997057.    4012175.    4017872.    4046556.
 4064995.    4027299.    4137524.    4109662.    4119965.    4115927.
 4184537.    4172828.    4169022.    4242107.    4234298.    4247989.
 4287277.    4275710.    4325013.    4305251.    4305722.    4325368.
 4341350.    4355673.    4364846.    4413809.    4438158.    4445462.
 4462618.    4453062.    4468374.    4475732.    4489443.    4493294.
 4516768.    4531901.    4558080.    4639311.    4701997.    4737886.
 4761768.    4761672.    4773026.    4789277.    4800999.    4808688.
 4818117.    4828111.    4821583.    4828575.    4832784.    4836334.
 4855877.    4859499.    4856592.    4863986.    4861606.    4855816.
 4885065.    4885458.    4906996.    4918041.    4928188.    4922671.
 4945356.    4947711.    4956913.    4955919.    4959707.    4974096.
 4981660.    4980242.    5006776.    5012211.    5009217.    5025448.
 5022814.    5041393.    5031142.    5032802.    5051348.    5062431.
 5073124.    5079395.    5103785.    5114874.    5122438.    5123575.
 5140084.    5142220.    5138555.    5144570.    5157808.    5161176.
 5168959.    5176610.    5188682.    5192871.    5197119.    5202842.
 5213632.    5213144.    5218170.    5224162.    5238022.    5223863.
 5226739.    5234667.    5248031.    5257690.    5267559.    5275388.
 5277244.    5277277.    5275121.    5281489.    5314620.    5297753.
 5289583.    5284873.    5288683.    5292020.    5293904.    5297113.
 5305649.    5312506.    5314932.    5314183.    5324524.    5206327.
 5338924.    5361975.    5442020.    5373155.    5369795.    5378746.
 5381278.    5420624.    5435932.    5514935.    5408064.    5414850.
 5445002.    5514365.    5520727.    5521256.    5496245.    5517588.
 5497997.    5506017.    5519599.    5516920.    5524878.    5532924.
 5549252.    5532484.    5504971.    5507564.    5472410.    5450725.
 5307923.    5196369.    5158984.    5124371.    5134383.    5114656.
 5108099.    5120399.    5120955.    5103051.    5086373.    5068775.
 5115239.    5101710.    5060053.    5040730.    5027491.    5030231.
 5014793.    5008713.    5001687.    5004573.    4996256.    4950119.
 4959769.    4873133.    4854213.    4917138.    4835448.    4885192.
 4866885.    4806157.    4798840.    4847239.    4749123.    4746414.
         nan         nan         nan         nan         nan         nan
         nan]",2004-01-01,Mensal,259
LIVRE,CHV,"[ 2826557.291  2732214.944  2907926.859  3067165.279  3157482.968
  3267499.072  3437759.37   3529777.009  3564979.551  3707245.099
  3694394.117  3750669.896  4458981.849  4852411.557  4924892.291
  5236185.043  5156272.204  5122795.14   5359633.662  5661913.
  5724819.316  5570967.308  5688563.674  5757306.527  5762213.334
  5799124.787  5831101.104  6078033.263  6054723.261  6179427.713
  6293205.795  6538983.28   6341906.428  6361145.411  6486676.38
  6289880.109  6586161.     6455990.     6745554.     6844698.
  6922849.     6928761.     6932591.     7100402.     7090601.
  7101858.     7194797.     7056524.     6623138.     6248279.
  6830379.     6660923.     6725437.     6777876.     6943454.
  7011410.     6836719.     6884075.     6608612.     5815673.
  5343359.6    5307814.7    5615441.5    5793775.3    5687301.6
  5725826.5    5984320.     6206132.1    6335105.1    6456259.4
  6471338.6    6221067.1    6190730.884  6458765.     6693566.
  6959025.     7072469.     7184848.     7325026.     7386702.
  7398507.     7448810.     7451874.     7299796.     7412827.
  7220463.     7415635.     7555631.     7554429.     7583798.
  7597613.     7824765.     7820953.     7796646.     7818148.
  7613405.     7613878.471  7688815.55   7941264.287  8038765.939
  7876201.017  7930200.513  8014538.206  8228000.94   8211967.437
  8268610.395  8239553.638  7707474.455  7926115.348  8027291.582
  8173210.872  8546280.885  8530833.396  8460081.096  8441740.853
  8755035.217  8614112.576  8613466.35   8802281.898  8345757.106
  8296119.922  8300798.174  8142595.741  8420785.969  8190324.402
  8112835.057  7842337.843  8143437.86   7989357.284  7894817.291
  8251452.443  7837960.117  7781098.036  7913092.551  7936625.361
  8110489.46   7934349.388  7853192.371  7653266.843  7832393.305
  7769763.913  7802336.17   7708866.124  7349928.502  7409059.52
  7745197.2    7951502.54   8272836.73   8200146.38   8317883.36
  8489922.87   8879096.39   8926449.89   9002747.47   9192769.088
  9022389.173  9247681.63   9585993.12   9736791.12  10178257.92
  9684062.76   9951286.36   9893865.11  10173954.99  10341210.69
 10241699.21  10527291.74  10286524.7   10636298.043 10149865.878
 11210402.44  10914087.869 10347379.674 10417040.801 10909262.618
 11093799.318 10650992.999 11171386.982 11020178.099 10460786.01
 11099664.596 10462253.14  10993721.134 10924745.343 11122143.627
 10748492.197 10924750.586 11021116.276 10892597.654 11388397.68
 11189624.272 10620289.25  11055047.63  11080558.994 11384391.814
  9845508.385  9831146.018  9945148.902 11027229.262 11602359.693
 11766282.853 12273658.799 12157077.078 12190553.132 12456224.241
 12000642.949 12702213.012 12578272.096 12557512.684 12384355.951
 12539789.686 12716586.211 12626071.299 12995998.605 12913993.418
 12689997.084 12914533.061 12739456.    13606952.853 13525420.33
 13474971.142 13086610.038 13362819.318 13503677.98  13272882.037
 13351575.931 13175890.832 12825764.72  13089777.618 12897540.292
 13942978.765 13802626.652 13612428.207 13431715.992 13484415.408
 13963738.765 13871441.541 14258963.358 14369835.867 14079255.298
 14246788.727 14305054.848 14946234.184 15253112.017 15137624.199
 14898923.901 15168714.981 15681491.295 15538693.837 15822709.614
 15872140.218 15427400.323 15543245.813 15731180.823 16487859.894
 16265346.2   16143348.666 15727676.151        0.   ]","[  195   215   251   256   277   308   314   328   358   368   364   368
   519   551   550   576   603   616   648   677   699   684   707   714
   832   824   838   868   880   908   908   928   939   955   961   975
   970   991  1008  1022  1048  1103  1119  1126  1136  1123  1139  1130
  1168  1146  1148  1155  1163  1165  1165  1162  1154  1153  1153  1140
  1148  1197  1138  1132  1148  1139  1134  1142  1147  1157  1164  1199
  1192  1247  1269  1300  1348  1398  1440  1472  1520  1552  1591  1635
  1702  1722  1746  1754  1782  1808  1823  1859  1891  1944  1965  1983
  2092  2143  2205  2255  2221  2405  2526  2596  2680  2759  2846  2926
  3098  3174  3230  3310  3375  3420  3473  3521  3538  3562  3578  3594
  3599  3618  3647  3659  3681  3709  3725  3735  3732  3738  3754  3758
  3775  3774  3783  3784  3783  3948  3939  3957  3960  3965  3978  3996
  3906  4065  4137  4297  4496  4846  5274  5701  6178  6686  7244  7805
  8440  8901  9243  9498  9745 10020 10290 10504 10741 10967 10984 11131
 11332 11501 11599 11724 11845 11967 12099 12254 12394 12568 12715 12846
 13201 13445 13569 13756 14031 14269 14530 14929 15309 15540 15779 16093
 16566 16991 17380 17704 18089 18522 19035 19502 20039 20635 21050 21297
 21866 22660 23375 23984 23762 24269 24586 25020 25397 26124 26137 26553
 27193 27522 27854 28171 28491 28820 29164 29504 29909 30253 30632 31080
 33793 34258 35268 35258 36083 37047 37903 38027 38850 39551 40206 40765
 41989 44294 45721 47361 49358 51431 53733 56306 58993 61598 63839 66985
 65981 69770 72296 74346 76366 78606     0]",2004-01-01,Mensal,259
LIVRE,SHV,"[ 144720.45   142965.4    166531.61   167129.846  182315.413  727267.556
 1261222.695 1279597.523 1241277.249 1314012.597 1267953.104 1293558.96
 1318574.848 1254554.649 1345305.103 1313164.753 1408902.99  1366661.91
 1428109.447 1455199.5   1426522.01  1479808.55  1451113.998 1510407.255
 1581550.753 1435232.206 1621947.91  1608280.244 1621001.799 1610560.109
 1659276.457 1683122.858 1640952.043 1704562.893 1654356.464 1675798.978
 1687745.    1523837.    1699614.    1674822.    1719791.    1671319.
 1759888.    1775165.    1758026.    1798309.    1750368.    1808879.
 1595914.    1521045.    1612823.    1592511.    1679832.    1659580.
 1632111.    1634455.    1565380.    1651241.    1561263.    1590203.
 1490529.    1309052.    1453601.    1409501.    1466445.    1468859.
 1527671.    1596117.    1551213.    1590218.    1489442.    1511472.
 1678848.    1570887.    1714136.    1644449.    1712233.    1669402.
 1720444.    1750640.    1724812.    1784533.    1730362.    1744013.
 1712795.    1574662.    1821691.    1770369.    1820667.    1786746.
 1848137.    1867775.    1792548.    1882715.    1789004.    1782443.
 2038049.01  1957034.    2127641.    2062606.    2143937.    1978531.
 2076382.    2106473.    2081275.    2131598.    2071743.    2093334.
 2138653.1   1965157.4   2199345.8   2193719.4   2149520.5   2080601.9
 2176948.7   2190558.7   2089077.1   2110700.1   2053242.4   2118498.7
 2085520.7   1909915.1   2088965.2   1985054.6   1962703.7   1834053.183
 1945071.2   1985263.7   1960574.8   1978619.59  1942857.29  1931705.53
 1907861.272 1745540.611 1966211.935 1803995.039 1797371.746 1728726.555
 1866236.249 1922840.113 1826142.885 1862104.537 1792168.946 1791341.204
 1780431.203 1756691.912 1965479.899 1841835.219 1991484.725 1928490.872
 2080653.1   2044998.096 2057687.833 2079849.619 2104890.802 2110845.425
 2279535.885 2056773.462 2409261.229 2229064.097 2322130.664 2322853.312
 2447395.872 2485142.102 2365188.306 2474547.98  2394311.281 2400228.546
 2780311.021 2516133.46  2787741.614 2615403.187 2596902.17  2528518.634
 2694557.718 2652041.903 2551728.329 2679143.385 2624696.407 2658937.911
 2759932.902 2535262.795 2713277.419 2612282.785 2760984.741 2685262.389
 2820904.119 2828965.989 2700679.218 2900451.965 2879018.521 2982655.874
 3052003.58  2907285.964 2828509.792 2430632.845 2626255.888 2692545.654
 2940224.866 3015507.878 3056478.059 3272599.448 3119874.361 3225040.786
 3247466.028 3069401.851 3332925.481 3239477.662 3385253.572 3237895.316
 3403253.551 3455606.85  3336533.134 3494890.18  3481071.452 3591884.641
 3462108.507 3227339.8   3454832.332 3396940.413 3463038.026 3495567.856
 3760158.251 3854381.131 3709302.004 3860906.196 3788230.612 3850654.629
 3944785.216 3741946.021 4153637.959 4062568.419 4122595.386 4054272.802
 4051839.697 4196801.261 4243861.811 4310605.104 4179209.681 4263935.674
 4312897.477 4154660.137 4401398.49  4301874.848 4523366.802 4477463.703
 4631623.957 4779468.586 4704787.348 4767356.856 4791464.801 4885733.824
 4832268.33  4619979.143 4815709.261 4913414.136 5063483.962 4911584.044
       0.   ]","[   16    18    17    17    19    21    24    24    24    27    29    30
    51    53    37    39    49    48    47    64    68    70    73    74
    78    78    81    84    83    87    88    88    89    89    90    95
   100   101   101   105   105   105   106   106   108   106   108   106
    87    83    81    82    85    86    85    86    81    83    80    80
    75    74    74    74    74    73    74    74    75    76    77    79
    85    86    90    98    99   101   101   105   105   109   112   118
   123   128   132   135   138   140   142   145   151   154   155   156
   201   203   215   222   227   236   242   253   264   279   285   289
   330   341   351   357   362   368   378   383   383   384   386   388
   393   397   397   401   402   407   408   411   410   412   414   415
   428   432   434   433   433   433   435   435   437   438   439   444
   470   485   490   520   550   593   649   694   765   815   895   952
  1057  1081  1153  1181  1233  1266  1284  1301  1330  1344  1354  1368
  1400  1431  1448  1474  1491  1505  1512  1529  1546  1559  1578  1598
  1749  1817  1798  1839  1874  1897  1922  1960  2029  2043  2061  2149
  2252  2366  2494  2501  2563  2652  2819  2873  3001  3188  3190  3167
  3338  3690  4041  4298  3713  3798  3812  3919  3957  4427  4146  4284
  4244  4291  4358  4421  4456  4562  4652  4736  4834  4903  5014  5114
  5251  5380  5470  5547  5677  5738  5955  6150  6379  6569  6706  6886
  7262  7684  7981  8335  8615  8954  9695 10096 10622 11149 11622 12310
 12952 13458 13969 14399 14794 15272     0]",2004-01-01,Mensal,259
LIVRE,Residencial,"[   0.       0.       0.       0.       0.       0.       0.       0.
    0.       0.       0.       0.       0.       0.       0.       0.
    0.       0.       0.       0.       0.       0.       0.       0.
    0.       0.       0.       0.       0.       0.       0.       0.
    0.       0.       0.       0.       0.       0.       0.       0.
    0.       0.       0.       0.       0.       0.       0.       0.
    0.       0.       0.       0.       0.       0.       0.       0.
    0.       0.       0.       0.       0.       0.       0.       0.
    0.       0.       0.       0.       0.       0.       0.       0.
    0.       0.       0.       0.       0.       0.       0.       0.
    0.       0.       0.       0.       0.       0.       0.       0.
    0.       0.       0.       0.       0.       0.       0.       0.
    0.       0.       0.       0.       0.       0.       0.       0.
    0.       0.       0.       0.       0.       0.       0.       0.
    0.       0.       0.       0.       0.       0.       0.       0.
    0.       0.       0.       0.       0.       0.       0.       0.
    0.       0.       0.       0.       0.       0.       0.       0.
    0.       0.       0.       0.       0.       0.       0.       0.
    0.       0.       0.       0.       0.       0.       0.       0.
    0.       0.       0.       0.       0.     350.     357.     394.
  343.     348.     384.     328.     308.     281.     357.     352.
  369.525  320.753  398.253  383.451  374.941  364.981  428.329  352.26
  355.978  361.238  334.519  304.599  267.069  367.241  338.281  336.433
  361.466  368.989  484.557  362.925  354.622  429.904  384.868  343.9
  247.913  332.649  443.575  468.952  471.963  495.741  290.066  479.759
  397.602  391.856  438.219  278.54   470.     262.     262.     298.
  436.     436.     374.     336.     419.     391.     453.     415.
  360.414  174.116  349.837  370.88   365.441  406.974  411.834  334.778
  408.696  414.056  423.968  376.553  316.165  190.215  215.522  436.371
  386.968  457.555  421.456  376.926  419.743  372.881  396.301  348.878
 1026.47  1150.6    726.669  549.612  591.037  607.482  685.041  529.325
  757.973  794.207  905.792  967.019      nan      nan      nan      nan
      nan      nan      nan]","[ 0.  0.  0.  0.  0.  0.  0.  0.  0.  0.  0.  0.  0.  0.  0.  0.  0.  0.
  0.  0.  0.  0.  0.  0.  0.  0.  0.  0.  0.  0.  0.  0.  0.  0.  0.  0.
  0.  0.  0.  0.  0.  0.  0.  0.  0.  0.  0.  0.  0.  0.  0.  0.  0.  0.
  0.  0.  0.  0.  0.  0.  0.  0.  0.  0.  0.  0.  0.  0.  0.  0.  0.  0.
  0.  0.  0.  0.  0.  0.  0.  0.  0.  0.  0.  0.  0.  0.  0.  0.  0.  0.
  0.  0.  0.  0.  0.  0.  0.  0.  0.  0.  0.  0.  0.  0.  0.  0.  0.  0.
  0.  0.  0.  0.  0.  0.  0.  0.  0.  0.  0.  0.  0.  0.  0.  0.  0.  0.
  0.  0.  0.  0.  0.  0.  0.  0.  0.  0.  0.  0.  0.  0.  0.  0.  0.  0.
  0.  0.  0.  0.  0.  0.  0.  0.  0.  0.  0.  0.  0.  1.  1.  1.  1.  1.
  1.  1.  1.  1.  1.  1.  1.  1.  1.  1.  1.  1.  1.  1.  1.  1.  1.  1.
  1.  1.  1.  1.  1.  1.  1.  1.  1.  1.  1.  1.  1.  1.  1.  1.  1.  1.
  1.  1.  1.  1.  1.  1.  1.  1.  1.  1.  1.  1.  1.  1.  1.  1.  1.  1.
  1.  1.  1.  1.  1.  1.  1.  1.  1.  1.  1.  1.  2.  2.  2.  2.  2.  2.
  2.  2.  2.  2.  2.  2.  5.  9.  7.  6.  8. 10. 10. 11. 13. 19. 25. 32.
 nan nan nan nan nan nan nan]",2004-01-01,Mensal,259
LIVRE,Industrial,"[ 2942144.434  2835632.715  3031239.245  3191312.553  3292763.612
  3947720.332  4652650.262  4752490.105  4717845.673  4934498.606
  4875369.189  4956768.347  5671981.754  5938627.428  6110372.372
  6363071.616  6381996.807  6304452.851  6584545.427  6903680.985
  6929254.632  6843317.809  6906713.028  7045826.677  7103425.307
  6988389.094  7215018.887  7430311.109  7437712.773  7522304.069
  7691506.424  7951539.859  7708795.131  7803233.941  7870171.144
  7686837.845  7990750.     7700248.     8165816.     8212809.
  8355324.     8290954.     8389591.     8590485.     8526694.
  8590881.     8622324.     8542266.     7887126.     7443966.
  8122056.     7924357.     8082628.     8123012.     8265044.
  8324554.     8083109.     8213140.     7843785.     7081945.
  6498361.6    6287149.7    6734099.5    6853781.3    6815401.6
  6865361.5    7188239.     7468962.1    7550966.1    7711871.4
  7612878.6    7375776.1    7513565.292  7673158.     8051965.
  8217823.     8405194.     8475272.     8671695.     8744416.
  8728135.     8832316.     8767119.     8607408.     8647020.
  8334756.     8780725.     8859696.     8923475.     8921102.
  9010595.     9212977.     9129567.     9191186.     9102314.
  8884098.     9107782.481  9107660.55   9507980.287  9527167.939
  9456221.017  9343480.513  9518061.206  9732412.94   9676572.437
  9767662.015  9636565.039  9103734.745  9320622.448  9268544.982
  9648876.672  9981193.285  9948822.896  9811498.996  9898221.553
 10219756.917  9964557.676  9976449.45  10077494.298  9688441.806
  9577964.622  9383051.274  9437744.941  9589516.569  9381716.102
  9193475.24   9057692.043  9381131.56   9197444.084  9097854.291
  9392759.343  8974233.617  8859311.288  8844461.402  9117743.936
  9114322.489  8971873.124  8855233.336  8804746.562  9029497.498
  8858339.448  8897580.317  8713400.62   8349361.116  8335985.693
  8673044.202  9060374.589  9206309.169  9292332.005  9367559.732
  9670500.14   9918302.176  9913095.893  9935955.979 10045104.5
  9775181.258  9987429.395 10073984.012 10532250.839 10740517.777
 10415088.614 10695724.712 10801161.982 11074390.112 11054964.056
 11015381.51  11164837.621 10909768.196 11515607.135 10846415.469
 11996077.811 11623163.788 11142108.63  11231369.197 11870939.237
 11945131.589 11427081.416 11951900.47  11713635.149 11106420.7
 11692510.332 10965228.88  11546416.824 11408615.476 11769939.47
 11464297.898 11754579.743 11800808.351 11497488.714 12007766.262
 11784392.405 11246168.944 11648953.828 11653586.848 11935247.882
 10351631.053 10613683.508 10746028.757 11938995.257 12464625.439
 12505994.755 13030922.754 12740605.676 12744107.173 12963049.28
 12427633.005 13341707.492 13161796.129 13372961.109 13084819.973
 13385047.765 13462949.136 13174502.761 13591441.745 13445011.522
 13196434.623 13075857.699 12680149.719 13667892.281 13545937.83
 13752566.781 13540474.943 14010136.383 14167962.739 13822052.84
 13944972.635 13659501.685 13213995.356 13383541.478 13042342.031
 14346819.673 14105302.758 14190262.103 14006954.656 14115107.832
 14519316.239 14341574.287 14660045.28  14481034.119 14117787.601
 14180965.403 14115032.641 14826380.446 14941532.055 15158127.515
 14964501.644 15504002.606 15999773.882 15639406.573 15660518.1
 15632718.66  15166159.993          nan          nan          nan
          nan          nan          nan          nan]","[  177.   192.   216.   230.   244.   271.   278.   292.   300.   322.
   318.   320.   470.   492.   489.   511.   535.   548.   560.   587.
   604.   588.   607.   611.   722.   708.   722.   751.   761.   787.
   784.   803.   813.   827.   827.   832.   825.   837.   851.   861.
   886.   900.   918.   931.   940.   932.   939.   933.   956.   934.
   933.   941.   943.   948.   945.   939.   930.   930.   932.   916.
   919.   929.   905.   904.   908.   905.   903.   908.   913.   922.
   929.   961.   926.   969.   987.  1008.  1033.  1068.  1101.  1122.
  1161.  1182.  1213.  1235.  1263.  1276.  1297.  1300.  1315.  1330.
  1342.  1367.  1386.  1425.  1428.  1441.  1490.  1525.  1567.  1605.
  1521.  1679.  1758.  1797.  1843.  1895.  1935.  1964.  2058.  2096.
  2114.  2162.  2201.  2216.  2239.  2256.  2261.  2270.  2274.  2273.
  2291.  2302.  2311.  2316.  2326.  2332.  2337.  2340.  2337.  2334.
  2334.  2336.  2348.  2341.  2345.  2345.  2339.  2487.  2492.  2488.
  2490.  2490.  2502.  2510.  2359.  2474.  2524.  2606.  2706.  2887.
  3118.  3321.  3589.  3862.  4162.  4381.  4661.  4833.  4962.  5079.
  5175.  5275.  5377.  5448.  5537.  5605.  5622.  5641.  5705.  5757.
  5784.  5843.  5891.  5928.  5974.  6046.  6112.  6161.  6217.  6269.
  6407.  6498.  6543.  6616.  6723.  6833.  6950.  7124.  7272.  7348.
  7425.  7534.  7664.  7803.  7940.  8021.  8157.  8271.  8420.  8600.
  8747.  8810.  9009.  8968.  9178.  9340.  9594.  9505.  9691.  9768.
  9878. 10007. 10087. 10271. 10334. 10428. 10510. 10594. 10658. 10752.
 10834. 10917. 10997. 11127. 11239. 11345. 11411. 11553. 12049. 12172.
 12359. 12505. 12595. 12819. 12978. 13131. 13316. 13512. 13657. 13789.
 14122. 14904. 15332. 15871. 16651. 17227. 17897. 18735. 19562. 20333.
 21034. 22047.    nan    nan    nan    nan    nan    nan    nan]",2004-01-01,Mensal,259
LIVRE,Comercial,"[  24608.124   24266.51    25380.142   26665.397   31199.903   32083.55
   30989.54    32187.742   35490.856   36637.875   36580.032   37304.851
   47277.828   47088.201   46012.375   48947.76    47726.628   46876.804
   47689.416   49894.184   52731.387   55265.508   61151.01    63115.768
   75359.756   80325.771   82025.387   85797.294   83717.85    94024.798
   96360.988   98762.253  101292.18   101050.249  105814.073  117976.693
  116057.     114706.     118403.     131718.     118608.     136252.
  133378.     112664.     145097.     138877.     147401.     152417.
  153525.     148044.     147522.     149447.     145316.     136840.
  136759.     143378.     142856.     147806.     147843.     150471.
  157481.     154295.     156526.     157675.     154912.     146893.
  140593.     148431.     151692.     155398.     161840.     171074.
  184097.592  189593.     192654.     206246.     209221.     205951.
  202513.     215552.     216153.     226863.     235766.     255446.
  276773.     266652.     264096.     267456.     257663.     254900.
  246638.     263782.     264207.     272047.     286798.     296395.
  320222.     320836.     341214.     350117.     351719.     356678.
  366371.     382925.     393002.     411792.     447898.     476265.
  516164.     511155.     508113.     542310.     518413.     514138.
  507173.     513357.     523526.     533823.     556599.     559818.
  592858.     601036.     579579.     594446.     558811.     542869.
  530077.     541043.     545968.     566883.     590279.     593205.
  618173.     603404.     587872.     596209.     562996.     531858.
  521870.     530163.     538697.     567026.     584032.     595213.
  611723.     597883.     626957.     666414.     659354.     642197.
  669176.     751939.     814104.     886413.     974175.    1080545.
 1216617.    1230242.    1268799.    1325928.    1247386.    1241203.
 1193487.    1244731.    1285242.    1347019.    1399864.    1425215.
 1478672.531 1381544.963 1531693.672 1476100.726 1391167.842 1312885.606
 1329884.557 1357525.699 1354339.377 1444827.986 1479095.3   1562367.513
 1693729.651 1596631.244 1675444.929 1650625.948 1632865.842 1520474.025
 1503082.784 1535913.014 1587622.449 1740102.363 1748113.301 1819257.196
 1894438.232 1807952.084 1754098.452 1403946.96  1335798.805 1393699.117
 1500467.471 1614007.018 1743035.537 1898537.183 1906395.086 2045008.44
 2118697.926 2039865.82  2075816.191 1991532.825 1937373.903 1915458.414
 1923698.813 2020296.405 2114959.004 2198285.444 2238953.694 2365389.464
 2460522.776 2399454.527 2527586.45  2482533.197 2315338.864 2175859.504
 2251991.46  2285033.63  2275419.798 2395503.266 2431006.891 2572365.341
 2678096.299 2657286.675 2815183.146 2780254.396 2630809.586 2545558.293
 2499953.599 2659405.363 2769031.913 2896393.074 3023914.337 3155882.45
 3269137.315 3255156.593 3352866.553 3386043.854 3286187.62  3179531.304
 3029871.648 3116296.142 3217690.604 3441537.603 3568901.673 3643703.265
         nan         nan         nan         nan         nan         nan
         nan]","[1.7000e+01 2.0000e+01 2.1000e+01 2.4000e+01 3.1000e+01 3.5000e+01
 3.4000e+01 3.3000e+01 3.8000e+01 3.8000e+01 3.8000e+01 3.9000e+01
 3.9000e+01 4.0000e+01 4.1000e+01 4.1000e+01 4.4000e+01 4.4000e+01
 5.2000e+01 5.3000e+01 5.7000e+01 6.0000e+01 6.2000e+01 6.4000e+01
 7.1000e+01 7.7000e+01 7.7000e+01 7.8000e+01 8.1000e+01 8.2000e+01
 8.5000e+01 8.6000e+01 8.7000e+01 8.9000e+01 9.5000e+01 1.0400e+02
 1.0600e+02 1.1400e+02 1.1700e+02 1.2100e+02 1.2200e+02 1.6200e+02
 1.5700e+02 1.5400e+02 1.5500e+02 1.5000e+02 1.5800e+02 1.5600e+02
 1.5200e+02 1.5300e+02 1.5600e+02 1.5500e+02 1.6100e+02 1.5800e+02
 1.6100e+02 1.6500e+02 1.6600e+02 1.6500e+02 1.6300e+02 1.6600e+02
 1.7100e+02 2.1000e+02 1.7500e+02 1.7000e+02 1.8200e+02 1.7600e+02
 1.7300e+02 1.7600e+02 1.7600e+02 1.7700e+02 1.7700e+02 1.8000e+02
 2.2600e+02 2.3500e+02 2.4100e+02 2.5100e+02 2.7400e+02 2.8900e+02
 2.9800e+02 3.0900e+02 3.1700e+02 3.2800e+02 3.3500e+02 3.5700e+02
 3.7800e+02 3.8500e+02 3.8600e+02 3.9100e+02 4.0400e+02 4.1500e+02
 4.1800e+02 4.2800e+02 4.4100e+02 4.5500e+02 4.7200e+02 4.7500e+02
 5.0600e+02 5.2300e+02 5.4300e+02 5.5700e+02 6.0400e+02 6.3200e+02
 6.7200e+02 7.0300e+02 7.3800e+02 7.6300e+02 8.1100e+02 8.6100e+02
 9.6600e+02 1.0040e+03 1.0410e+03 1.0730e+03 1.0990e+03 1.1290e+03
 1.1580e+03 1.1890e+03 1.2000e+03 1.2120e+03 1.2230e+03 1.2400e+03
 1.2520e+03 1.2590e+03 1.2790e+03 1.2860e+03 1.2980e+03 1.3200e+03
 1.3310e+03 1.3380e+03 1.3380e+03 1.3460e+03 1.3620e+03 1.3640e+03
 1.3710e+03 1.3770e+03 1.3820e+03 1.3830e+03 1.3880e+03 1.4050e+03
 1.3910e+03 1.4130e+03 1.4140e+03 1.4190e+03 1.4200e+03 1.4300e+03
 1.4690e+03 1.5140e+03 1.5330e+03 1.6110e+03 1.7080e+03 1.8640e+03
 2.0530e+03 2.2690e+03 2.4700e+03 2.6960e+03 2.9390e+03 3.2750e+03
 3.6010e+03 3.8640e+03 4.0660e+03 4.2120e+03 4.3490e+03 4.5190e+03
 4.6830e+03 4.8260e+03 4.9660e+03 5.1230e+03 5.1240e+03 5.2500e+03
 5.3750e+03 5.4880e+03 5.5570e+03 5.6220e+03 5.6950e+03 5.7760e+03
 5.8540e+03 5.9380e+03 6.0100e+03 6.1190e+03 6.2030e+03 6.2840e+03
 6.4800e+03 6.6300e+03 6.7000e+03 6.8090e+03 6.9640e+03 7.0890e+03
 7.2330e+03 7.4500e+03 7.6750e+03 7.8280e+03 7.9870e+03 8.1850e+03
 8.4870e+03 8.7660e+03 9.0110e+03 9.2440e+03 9.4830e+03 9.7960e+03
 1.0128e+04 1.0381e+04 1.0754e+04 1.1219e+04 1.1416e+04 1.1672e+04
 1.1935e+04 1.2536e+04 1.2966e+04 1.3653e+04 1.3220e+04 1.3639e+04
 1.3804e+04 1.4088e+04 1.4328e+04 1.4858e+04 1.4813e+04 1.5132e+04
 1.5624e+04 1.5859e+04 1.6113e+04 1.6327e+04 1.6494e+04 1.6709e+04
 1.6920e+04 1.7098e+04 1.7366e+04 1.7592e+04 1.7869e+04 1.8165e+04
 2.0206e+04 2.0517e+04 2.1308e+04 2.1142e+04 2.1818e+04 2.2449e+04
 2.3052e+04 2.2951e+04 2.3503e+04 2.3932e+04 2.4388e+04 2.4728e+04
 2.5428e+04 2.6806e+04 2.7700e+04 2.8714e+04 2.9731e+04 3.1053e+04
 3.1954e+04 3.3362e+04 3.4833e+04 3.6416e+04 3.7720e+04 3.9500e+04
        nan        nan        nan        nan        nan        nan
        nan]",2004-01-01,Mensal,259
LIVRE,Outros,"[   4525.183   15281.119   17839.082   16317.175   15834.866   14962.746
   15342.263   24696.685   52920.271   50121.215   50398.      50155.658
   58297.115  121250.577  113812.647  137330.42   135451.759  138127.395
  155508.266  163537.331  169355.307  152192.541  171813.634  158771.337
  164979.024  165642.128  156004.74   170205.104  154294.437  173658.955
  164614.84   171804.026  172771.16   161424.114  165047.627  160864.549
  167099.     164873.     160949.     174993.     168708.     172874.
  169510.     172418.     176836.     170409.     175440.     170720.
  178401.     177314.     173624.     179630.     177325.     177604.
  173762.     177933.     176134.     174370.     178247.     173460.
  178046.     175422.     178417.     191820.     183433.     182431.
  183159.     184856.     183660.     179208.     186062.     185689.
  171916.     166901.     163083.     179405.     170287.     173027.
  171262.     177374.     179031.     174164.     179351.     180955.
  201829.     193717.     192505.     198848.     193958.     194542.
  188517.     215781.     219727.     216128.     218040.     215355.
  223923.     217353.     219711.     224087.     212198.     208573.
  206488.     219136.     223668.     220754.38   226833.599  220808.71
  227982.     212749.     215567.     216497.     213118.     215046.
  213295.     212480.     215106.     213894.     221431.     215996.
  210818.     226626.     214237.     221878.     212501.     210544.
  199640.     206527.     206520.     208699.59   211271.39   202227.03
  211475.02   210767.76   197221.36   203953.01   196852.01   194827.59
  192886.53   195572.92   198870.35   199834.39   203602.45   196695.59
  241782.03   230961.91   229650.85   241948.78   239945.1    236617.5
  230899.83   253853.31   256937.83   260228.11   278380.39   277508.34
  323171.12   338190.57   344645.51   340482.24   343375.81   336863.96
  346228.     339647.98   365884.94   353565.68   356544.4    351418.05
  421959.873  437718.153  469974.318  429843.091  410630.431  400939.651
  402568.213  442831.673  420944.557  453440.673  451809.538  450631.109
  473090.446  435288.57   484798.519  477450.271  479961.59   448613.674
  487507.621  512997.975  507811.087  540551.116  535752.219  537175.084
  563411.237  525973.377  523111.697  520094.265  507447.63   497470.941
  527701.334  538755.355  573333.018  616406.454  629512.458  626199.765
  621473.063  602283.975  617352.81   664122.804  631995.244  621536.88
  633922.659  688611.52   672723.668  700770.596  710646.654  719642.638
  839900.679  887017.438  865956.617  893518.836  869738.082  865436.473
  860437.892  904727.964  884302.707  871592.17   873188.9    889682.099
  972608.892  939667.392  934398.383  979201.546  913564.936  933018.29
  920772.218  981441.498 1004277.409 1012757.227 1043700.791 1069172.043
 1108557.016 1088375.151 1169112.344 1226861.344 1216084.829 1231747.174
 1265779.643 1344360.532 1385626.035 1487216.56  1461078.894 1502303.87
         nan         nan         nan         nan         nan         nan
         nan]","[1.000e+00 3.000e+00 1.400e+01 2.000e+00 2.000e+00 2.000e+00 2.000e+00
 3.000e+00 2.000e+01 8.000e+00 8.000e+00 9.000e+00 1.000e+01 1.900e+01
 2.000e+01 2.400e+01 2.400e+01 2.400e+01 3.600e+01 3.700e+01 3.800e+01
 3.600e+01 3.800e+01 3.900e+01 3.900e+01 3.900e+01 3.900e+01 3.900e+01
 3.800e+01 3.900e+01 3.900e+01 3.900e+01 3.900e+01 3.900e+01 3.900e+01
 3.900e+01 3.900e+01 4.000e+01 4.000e+01 4.000e+01 4.000e+01 4.100e+01
 4.400e+01 4.100e+01 4.100e+01 4.100e+01 4.200e+01 4.100e+01 6.000e+01
 5.900e+01 5.900e+01 5.900e+01 5.900e+01 5.900e+01 5.900e+01 5.800e+01
 5.800e+01 5.800e+01 5.800e+01 5.800e+01 5.800e+01 5.800e+01 5.800e+01
 5.800e+01 5.800e+01 5.800e+01 5.800e+01 5.800e+01 5.800e+01 5.800e+01
 5.800e+01 5.800e+01 4.000e+01 4.300e+01 4.100e+01 4.100e+01 4.100e+01
 4.100e+01 4.100e+01 4.100e+01 4.200e+01 4.200e+01 4.300e+01 4.300e+01
 6.100e+01 6.100e+01 6.300e+01 6.300e+01 6.300e+01 6.300e+01 6.300e+01
 6.400e+01 6.400e+01 6.400e+01 6.500e+01 6.700e+01 9.600e+01 9.500e+01
 9.500e+01 9.300e+01 9.600e+01 9.400e+01 9.600e+01 9.600e+01 9.900e+01
 1.010e+02 1.000e+02 1.010e+02 7.400e+01 7.400e+01 7.500e+01 7.500e+01
 7.500e+01 7.500e+01 7.600e+01 7.600e+01 7.700e+01 8.000e+01 8.100e+01
 8.100e+01 5.600e+01 5.700e+01 5.700e+01 5.700e+01 5.700e+01 5.700e+01
 5.700e+01 5.700e+01 5.700e+01 5.800e+01 5.800e+01 5.800e+01 5.600e+01
 5.600e+01 5.600e+01 5.600e+01 5.600e+01 5.600e+01 5.600e+01 5.600e+01
 5.600e+01 5.600e+01 5.600e+01 5.600e+01 7.800e+01 7.700e+01 8.000e+01
 8.000e+01 8.200e+01 9.500e+01 1.030e+02 1.110e+02 1.190e+02 1.280e+02
 1.430e+02 1.490e+02 1.780e+02 2.030e+02 2.140e+02 2.060e+02 2.200e+02
 2.250e+02 2.290e+02 2.290e+02 2.370e+02 2.380e+02 2.370e+02 2.390e+02
 2.510e+02 2.550e+02 2.570e+02 2.580e+02 2.580e+02 2.620e+02 2.700e+02
 2.690e+02 2.710e+02 2.870e+02 2.940e+02 2.920e+02 3.130e+02 3.160e+02
 3.250e+02 3.300e+02 3.430e+02 3.460e+02 3.460e+02 3.540e+02 3.610e+02
 3.630e+02 3.660e+02 3.730e+02 4.140e+02 4.210e+02 4.280e+02 4.380e+02
 4.480e+02 4.540e+02 4.860e+02 5.200e+02 5.370e+02 6.050e+02 6.240e+02
 6.560e+02 7.520e+02 7.830e+02 8.140e+02 8.250e+02 8.500e+02 8.610e+02
 9.030e+02 9.240e+02 9.810e+02 9.940e+02 9.890e+02 9.920e+02 1.058e+03
 1.068e+03 1.082e+03 1.091e+03 1.162e+03 1.193e+03 1.246e+03 1.278e+03
 1.303e+03 1.315e+03 1.351e+03 1.361e+03 1.536e+03 1.567e+03 1.599e+03
 1.609e+03 1.668e+03 1.777e+03 1.871e+03 1.943e+03 2.029e+03 2.105e+03
 2.159e+03 2.246e+03 2.434e+03 2.575e+03 2.682e+03 2.770e+03 2.968e+03
 3.141e+03 3.872e+03 4.198e+03 4.585e+03 4.830e+03 5.060e+03 5.406e+03
       nan       nan       nan       nan       nan       nan       nan]",2004-01-01,Mensal,259
