,CONSUMO_CATIVO_CHV,CONSUMO_CATIVO_SHV,CONSUMIDORES_CATIVO_CHV,CONSUMIDORES_CATIVO_SHV,CONSUMO_CATIVO_Residencial,CONSUMO_CATIVO_Industrial,CONSUMO_CATIVO_Comercial,CONSUMO_CATIVO_Outros,CONSUMIDORES_CATIVO_Residencial,CONSUMIDORES_CATIVO_Industrial,CONSUMIDORES_CATIVO_Comercial,CONSUMIDORES_CATIVO_Outros,CONSUMO_LIVRE_CHV,CONSUMO_LIVRE_SHV,CONSUMIDORES_LIVRE_CHV,CONSUMIDORES_LIVRE_SHV,CONSUMO_LIVRE_Residencial,CONSUMO_LIVRE_Industrial,CONSUMO_LIVRE_Comercial,CONSUMO_LIVRE_Outros,CONSUMIDORES_LIVRE_Residencial,CONSUMIDORES_LIVRE_Industrial,CONSUMIDORES_LIVRE_Comercial,CONSUMIDORES_LIVRE_Outros
2004-01-31,18120257.588,5886826.134,53331275.0,15379129.0,6780680.373,9066706.879,4220228.79,3939467.68,45430039.0,506577.0,4238307.0,3156352.0,2826557.2909999997,144720.45,195,16,0.0,2942144.434,24608.124,4525.183,0.0,177.0,17.0,1.0
2004-02-29,18128738.786000002,5504350.164999999,53560192.595,15484829.595,6429337.18,9305783.558,4123008.329,3774959.884,45630099.0,505805.135,4245586.0,3178702.46,2732214.9439999997,142965.4,215,18,0.0,2835632.715,24266.51,15281.119,0.0,192.0,20.0,3.0
2004-03-31,18429490.582,5780388.120999999,53751078.078999996,15524473.0,6600338.007,9577173.802,4178482.674,3853884.22,45874005.0,506382.493,4252172.503,3118518.083,2907926.859,166531.61,251,17,0.0,3031239.245,25380.142,17839.082,0.0,216.0,21.0,14.0
2004-04-30,18918154.514999997,5893731.683,53934062.0,15650207.0,6809006.361,9695977.56,4420409.297,3886492.98,46044908.0,506583.0,4261081.0,3121490.0,3067165.279,167129.84600000002,256,17,0.0,3191312.553,26665.397,16317.175,0.0,230.0,24.0,2.0
2004-05-31,18037960.067,5870398.305000001,53841309.0,15541481.0,6477341.432,9539948.329,4074520.282,3816548.329,45965740.0,504642.0,4244656.0,3126271.0,3157482.9680000003,182315.413,277,19,0.0,3292763.612,31199.903,15834.866,0.0,244.0,31.0,2.0
2004-06-30,17764778.194,5323416.1219999995,53973855.0,15580535.0,6291091.533,9159914.93,3807916.881,3829270.972,46078802.0,505236.0,4253483.0,3136334.0,3267499.072,727267.5559999999,308,21,0.0,3947720.332,32083.55,14962.746,0.0,271.0,35.0,2.0
2004-07-31,17867068.94,4779953.943,54097775.0,15602028.0,6292471.042,8654157.049,3856244.627,3844150.165,46185866.0,504296.0,4260038.0,3147575.0,3437759.37,1261222.695,314,24,0.0,4652650.262,30989.54,15342.263,0.0,278.0,34.0,2.0
2004-08-31,17958670.429,4888812.977,54323121.0,15750600.0,6304477.069,8839850.942,3835079.799,3868075.596,46379790.0,504477.0,4274715.0,3164139.0,3529777.009,1279597.523,328,24,0.0,4752490.105,32187.742,24696.685,0.0,292.0,33.0,3.0
2004-09-30,18460331.057,5015909.626,54403926.0,15750999.0,6604390.033,8742969.351,4085830.474,4043050.825,46444030.0,506131.0,4276973.0,3176792.0,3564979.5509999995,1241277.249,358,24,0.0,4717845.673,35490.856,52920.271,0.0,300.0,38.0,20.0
2004-10-31,18420574.665000003,5068034.905,54797451.0,15832327.0,6606513.86,8600233.784,4151351.831,4130510.095,46807640.0,507849.0,4288772.0,3193190.0,3707245.098999999,1314012.597,368,27,0.0,4934498.606,36637.875,50121.215,0.0,322.0,38.0,8.0
2004-11-30,18240833.382,5160150.005,54701420.0,15910812.0,6631190.163,8580400.557,4188595.5,4000797.167,46749980.0,510489.0,4238483.0,3202468.0,3694394.1170000006,1267953.1039999998,364,29,0.0,4875369.189,36580.032,50398.0,0.0,318.0,38.0,8.0
2004-12-31,18300305.567999996,5217571.24,54842923.0,15949751.0,6643371.195,8435115.199,4362831.602,4076558.812,46848803.0,504463.0,4279093.0,3210564.0,3750669.896,1293558.9600000002,368,30,0.0,4956768.347,37304.851,50155.658,0.0,320.0,39.0,9.0
2005-01-31,17453740.787,5144139.544,55370816.0,16051910.0,7118537.783,6978771.254,4445266.061,4055305.233,47310842.0,506179.0,4316767.0,3237028.0,4458981.849,1318574.8479999998,519,51,0.0,5671981.754,47277.828,58297.115,0.0,470.0,39.0,10.0
2005-02-28,16890043.625,4890607.832,55436106.0,16067675.0,6758333.1,6807912.429,4318517.887,3895888.041,47370980.0,504927.0,4315200.0,3244999.0,4852411.557,1254554.649,551,53,0.0,5938627.428,47088.201,121250.577,0.0,492.0,40.0,19.0
2005-03-31,17271277.969,5016494.028,55625822.0,16141413.0,6865215.603,6954888.987,4506507.532,3961159.875,47537195.0,505373.0,4321625.0,3261629.0,4924892.290999999,1345305.1029999994,550,37,0.0,6110372.372,46012.375,113812.647,0.0,489.0,41.0,20.0
2005-04-30,17783539.855,5014137.16,55735754.0,16184284.0,7131738.269,7010917.183,4638131.991,4016889.572,47628550.0,505525.0,4326185.0,3275494.0,5236185.0430000005,1313164.753,576,39,0.0,6363071.616,48947.76,137330.42,0.0,511.0,41.0,24.0
2005-05-31,16897869.042,5019106.18,55764322.307,16196098.307,6718147.337,6910322.838,4329877.093,3958627.954,47646178.182,505951.01,4325466.147,3286726.968,5156272.204000002,1408902.9899999998,603,49,0.0,6381996.807,47726.628,135451.759,0.0,535.0,44.0,24.0
2005-06-30,16930252.044,4900840.6389999995,56018609.307,16281793.307,6776657.851,6838595.674,4247401.865,3968437.293,47859338.182,506790.01,4341518.147,3310962.968,5122795.14,1366661.91,616,48,0.0,6304452.851,46876.804,138127.395,0.0,548.0,44.0,24.0
2005-07-31,16599987.171000002,4934586.566000001,56161280.307,16352862.307,6644820.476,6845900.544,4099567.377,3944285.34,47974144.182,507337.01,4346912.147,3332886.968,5359633.6620000005,1428109.4469999997,648,47,0.0,6584545.427,47689.416,155508.266,0.0,560.0,52.0,36.0
2005-08-31,16637333.857,5010556.316,56322008.0,16418439.0,6704784.133,6851044.331,4092191.332,3999870.377,48113779.0,507951.0,4348574.0,3351704.0,5661912.999999999,1455199.5,677,64,0.0,6903680.985,49894.184,163537.331,0.0,587.0,53.0,37.0
2005-09-30,17094366.739,5089419.476,56462947.460999995,16469597.461,6949354.55,6771327.983,4308502.066,4154601.616,48231324.215,508270.013,4349013.226,3374340.007,5724819.315999999,1426522.0100000002,699,68,0.0,6929254.632,52731.387,169355.307,0.0,604.0,57.0,38.0
2005-10-31,16928627.408,5165908.825,56628029.460999995,16537515.461,6917987.523,6669050.415,4356878.554,4150619.741,48364511.215,508507.013,4355807.226,3399204.007,5570967.307999999,1479808.55,684,70,0.0,6843317.809,55265.508,152192.541,0.0,588.0,60.0,36.0
2005-11-30,16891975.333000004,5255963.404999999,56766920.53,16599711.53,6976440.905,6538550.565,4475715.661,4157231.607,48477738.25,508831.012,4360538.258,3419813.01,5688563.674000001,1451113.998,707,73,0.0,6906713.028,61151.01,171813.634,0.0,607.0,62.0,38.0
2005-12-31,16968106.975999996,5269324.857,56941976.576,16677441.576,7077729.55,6504027.256,4599352.936,4056322.091,48620918.303,510047.011,4368071.202,3442940.06,5757306.527,1510407.2550000001,714,74,0.0,7045826.677,63115.768,158771.337,0.0,611.0,64.0,39.0
2006-01-31,16477583.34,5059562.830999999,57180385.474,16756446.474,7167631.952,5747975.305,4567635.517,4053903.397,48832682.257,509412.012,4371705.199,3466586.006,5762213.334,1581550.753,832,78,0.0,7103425.307,75359.756,164979.024,0.0,722.0,71.0,39.0
2006-02-28,17233968.561,4915160.659,57318674.46,16827487.46,7131815.538,6055942.188,4745343.963,4216027.531,48949655.202,509327.006,4374271.187,3485421.065,5799124.786999999,1435232.2059999998,824,78,0.0,6988389.094,80325.771,165642.128,0.0,708.0,77.0,39.0
2006-03-31,17405709.221,5095133.65,57504933.0,16904415.0,7408516.681,6167308.031,4793045.116,4131973.043,49142423.0,508724.0,4348574.0,3505212.0,5831101.103999999,1621947.9100000001,838,81,0.0,7215018.887,82025.387,156004.74,0.0,722.0,77.0,39.0
2006-04-30,17171681.663,4981711.513,57609801.0,16969396.0,7229825.818,6101496.399,4747896.608,4074174.351,49223956.0,508500.0,4352712.0,3524633.0,6078033.263,1608280.2440000004,868,84,0.0,7430311.109,85797.294,170205.104,0.0,751.0,78.0,39.0
2006-05-31,16365056.454,4926788.88,57789205.0,17035942.0,6933355.613,5969041.151,4334890.944,4054557.626,49381893.0,509025.0,4352090.0,3546197.0,6054723.261,1621001.799,880,83,0.0,7437712.773,83717.85,154294.437,0.0,761.0,81.0,38.0
2006-06-30,16349376.561999999,4920880.916,57924467.0,17106459.0,6963614.779,6046362.36,4225565.464,4034714.875,49488764.0,509097.0,4365959.0,3560647.0,6179427.713,1610560.1090000002,908,87,0.0,7522304.069,94024.798,173658.955,0.0,787.0,82.0,39.0
2006-07-31,16205713.979,4913812.926,58065641.0,17159693.0,6892915.368,6005044.671,4134153.603,4087413.263,49619532.0,510799.0,4365118.0,3570192.0,6293205.795000001,1659276.457,908,88,0.0,7691506.424,96360.988,164614.84,0.0,784.0,85.0,39.0
2006-08-31,16555909.938,5108219.625,58259189.0,17229002.0,6939971.547,6212500.404,4309463.21,4202194.402,49775917.0,509605.0,4373746.0,3599921.0,6538983.279999999,1683122.858,928,88,0.0,7951539.859,98762.253,171804.026,0.0,803.0,86.0,39.0
2006-09-30,16766303.194,5196315.4,58452658.0,17314052.0,7128370.581,6116687.084,4410721.599,4306839.33,49930638.0,509961.0,4382204.0,3629855.0,6341906.427999998,1640952.0430000003,939,89,0.0,7708795.131,101292.18,172771.16,0.0,813.0,87.0,39.0
2006-10-31,16691015.404000001,5336897.364,58578095.0,17389166.0,7182235.971,6149382.454,4480740.602,4215553.741,49993268.0,513017.0,4415790.0,3656020.0,6361145.411,1704562.893,955,89,0.0,7803233.941,101050.249,161424.114,0.0,827.0,89.0,39.0
2006-11-30,17061196.673,5349948.366,58895952.0,17466552.0,7438708.379,6119667.055,4662415.105,4190354.5,50264291.0,513943.0,4426149.0,3691569.0,6486676.38,1654356.4640000002,961,90,0.0,7870171.144,105814.073,165047.627,0.0,827.0,95.0,39.0
2006-12-31,17217019.231000002,5311280.318,58978724.0,17554135.0,7366884.598,6079725.329,4834364.402,4247325.22,50318859.0,514787.0,4430909.0,3714169.0,6289880.109,1675798.978,975,95,0.0,7686837.845,117976.693,160864.549,0.0,832.0,104.0,39.0
2007-01-31,17095007.0,5330791.0,59087811.0,17533428.0,7710353.0,5601371.0,4825523.0,4288551.0,50411787.0,513717.0,4416810.0,3745497.0,6586161.0,1687745.0,970,100,0.0,7990750.0,116057.0,167099.0,0.0,825.0,106.0,39.0
2007-02-28,17232541.0,5112301.0,59354619.0,17754706.0,7392941.0,5983386.0,4809237.0,4159278.0,50616909.0,515950.0,4451294.0,3770466.0,6455990.0,1523837.0,991,101,0.0,7700248.0,114706.0,164873.0,0.0,837.0,114.0,40.0
2007-03-31,17761362.0,5106370.0,59561486.0,17854372.0,7594317.0,6110682.0,4981067.0,4181666.0,50794759.0,517002.0,4463101.0,3786624.0,6745554.0,1699614.0,1008,101,0.0,8165816.0,118403.0,160949.0,0.0,851.0,117.0,40.0
2007-04-30,18235232.0,5275992.0,59555275.0,17773326.0,7728826.0,6298314.0,5155623.0,4328461.0,50809168.0,515303.0,4443663.0,3787141.0,6844698.0,1674822.0,1022,105,0.0,8212809.0,131718.0,174993.0,0.0,861.0,121.0,40.0
2007-05-31,17437899.0,5302378.0,59748280.0,17856812.0,7491488.0,6202432.0,4745510.0,4300847.0,50968860.0,515456.0,4454119.0,3809845.0,6922849.0,1719791.0,1048,105,0.0,8355324.0,118608.0,168708.0,0.0,886.0,122.0,40.0
2007-06-30,16859100.0,5307580.0,59931782.0,17933404.0,7204161.0,6291358.0,4450888.0,4220273.0,51120945.0,516307.0,4463096.0,3831434.0,6928761.0,1671319.0,1103,105,0.0,8290954.0,136252.0,172874.0,0.0,900.0,162.0,41.0
2007-07-31,16524070.0,5284790.0,60058994.0,18010699.0,7071277.0,6179612.0,4353510.0,4204461.0,51216986.0,517260.0,4470386.0,3854362.0,6932591.0,1759888.0,1119,106,0.0,8389591.0,133378.0,169510.0,0.0,918.0,157.0,44.0
2007-08-31,16917071.0,5388495.0,60295467.0,18092793.0,7344516.0,6269518.0,4407561.0,4283971.0,51420926.0,518336.0,4479755.0,3876450.0,7100402.0,1775165.0,1126,106,0.0,8590485.0,112664.0,172418.0,0.0,931.0,154.0,41.0
2007-09-30,17532504.0,5354605.0,60452089.0,18173697.0,7449312.0,6339584.0,4642086.0,4456127.0,51518818.0,519630.0,4487038.0,3926603.0,7090601.0,1758026.0,1136,108,0.0,8526694.0,145097.0,176836.0,0.0,940.0,155.0,41.0
2007-10-31,17586358.0,5649210.0,60704431.0,18278147.0,7511776.0,6361198.0,4742935.0,4619659.0,51736528.0,522678.0,4504550.0,3940675.0,7101858.0,1798309.0,1123,106,0.0,8590881.0,138877.0,170409.0,0.0,932.0,150.0,41.0
2007-11-30,17961397.0,5747929.0,60877777.0,18353428.0,7768281.0,6402820.0,4958240.0,4579985.0,51878451.0,523469.0,4519124.0,3956733.0,7194797.0,1750368.0,1139,108,0.0,8622324.0,147401.0,175440.0,0.0,939.0,158.0,42.0
2007-12-31,17710605.0,5728918.0,61081716.0,18440553.0,7618124.0,6350357.0,5009245.0,4461797.0,52057455.0,524589.0,4528687.0,3970985.0,7056524.0,1808879.0,1130,106,0.0,8542266.0,152417.0,170720.0,0.0,933.0,156.0,41.0
2008-01-31,17837099.0,5799795.234999999,61345496.0,18526334.0,8134240.673,5906222.408,5073996.846,4522434.308,52285499.0,527073.0,4559039.0,3973885.0,6623138.0,1595914.0,1168,87,0.0,7887126.0,153525.0,178401.0,0.0,956.0,152.0,60.0
2008-02-29,18361596.0,5600020.653,61788438.0,18615120.0,7958717.008,6522654.442,5041960.48,4438284.723,52669169.0,530333.0,4595055.0,3993881.0,6248279.0,1521045.0,1146,83,0.0,7443966.0,148044.0,177314.0,0.0,934.0,153.0,59.0
2008-03-31,18021924.0,5653588.812,62048274.0,18692432.0,7693600.865,6532501.989,5094734.135,4354675.823,52916044.0,533513.0,4606847.0,3991870.0,6830379.0,1612823.0,1148,81,0.0,8122056.0,147522.0,173624.0,0.0,933.0,156.0,59.0
2008-04-30,18136213.0,5563009.284,62178712.0,18764617.0,7754681.104,6600691.645,5056655.057,4287194.478,53037415.0,534883.0,4612506.0,3993908.0,6660923.0,1592511.0,1155,82,0.0,7924357.0,149447.0,179630.0,0.0,941.0,155.0,59.0
2008-05-31,18204585.0,5690109.365,62340126.0,18829207.0,7933880.683,6708795.051,4945200.796,4306817.835,53197046.0,534626.0,4627675.0,3980779.0,6725437.0,1679832.0,1163,85,0.0,8082628.0,145316.0,177325.0,0.0,943.0,161.0,59.0
2008-06-30,17743134.0,5562397.811,62206021.0,18878260.0,7621230.414,6657508.024,4692351.199,4334442.174,53058089.0,530902.0,4602486.0,4014544.0,6777876.0,1659580.0,1165,86,0.0,8123012.0,136840.0,177604.0,0.0,948.0,158.0,59.0
2008-07-31,17874162.0,5700363.043,62389390.0,18953581.0,7653505.215,6889225.378,4653819.74,4377974.71,53202195.0,531567.0,4616386.0,4039242.0,6943454.0,1632111.0,1165,85,0.0,8265044.0,136759.0,173762.0,0.0,945.0,161.0,59.0
2008-08-31,18535081.0,5832228.636,62596769.0,19030644.0,7880631.602,7087235.963,4840684.672,4558757.399,53414111.0,524679.0,4612374.0,4045605.0,7011410.0,1634455.0,1162,86,0.0,8324554.0,143378.0,177933.0,0.0,939.0,165.0,58.0
2008-09-30,18553167.0,6008542.691,62801341.0,19113656.0,7815707.904,7096965.195,4961563.982,4687472.61,53648913.0,524456.0,4630915.0,3997057.0,6836719.0,1565380.0,1154,81,0.0,8083109.0,142856.0,176134.0,0.0,930.0,166.0,58.0
2008-10-31,18953476.0,6183869.377,63036950.0,19190578.0,8119784.796,7173045.336,5112907.142,4731608.103,53862496.0,525971.0,4636308.0,4012175.0,6884075.0,1651241.0,1153,83,0.0,8213140.0,147806.0,174370.0,0.0,930.0,165.0,58.0
2008-11-30,19134262.0,6108039.533,63082334.0,19267926.0,8237719.125,6929263.085,5353652.593,4721666.73,53902747.0,526302.0,4635413.0,4017872.0,6608612.0,1561263.0,1153,80,0.0,7843785.0,147843.0,178247.0,0.0,932.0,163.0,58.0
2008-12-31,18175448.0,5977954.45,63366101.0,19390642.0,7942689.348,6335227.88,5235566.721,4639918.501,54156879.0,528041.0,4634625.0,4046556.0,5815673.0,1590203.0,1140,80,0.0,7081945.0,150471.0,173460.0,0.0,916.0,166.0,58.0
2009-01-31,18001058.2,5831715.0,63514515.0,19454558.0,8604549.0,5425558.0,5210266.0,4592400.2,54258623.0,527111.0,4663786.0,4064995.0,5343359.6,1490529.0,1148,75,0.0,6498361.6,157481.0,178046.0,0.0,919.0,171.0,58.0
2009-02-28,18284481.01,5593795.0,63489402.0,19497408.0,8149451.0,6050193.0,5288222.0,4390410.01,54269879.0,524536.0,4667688.0,4027299.0,5307814.7,1309052.0,1197,74,0.0,6287149.7,154295.0,175422.0,0.0,929.0,210.0,58.0
2009-03-31,19088815.01,5819892.0,64007678.0,19615416.0,8489683.0,6315383.0,5541801.0,4561840.01,54630946.0,528746.0,4710462.0,4137524.0,5615441.5,1453601.0,1138,74,0.0,6734099.5,156526.0,178417.0,0.0,905.0,175.0,58.0
2009-04-30,19022143.5,5817373.0,64072400.0,19671701.0,8472103.0,6345815.0,5527885.0,4493713.5,54711872.0,529127.0,4721739.0,4109662.0,5793775.3,1409501.0,1132,74,0.0,6853781.3,157675.0,191820.0,0.0,904.0,170.0,58.0
2009-05-31,18144786.3,5646920.0,64188620.0,19726146.0,8188290.0,6160979.0,5092605.0,4349832.3,54814253.0,528708.0,4725694.0,4119965.0,5687301.6,1466445.0,1148,74,0.0,6815401.6,154912.0,183433.0,0.0,908.0,182.0,58.0
2009-06-30,17873024.45,5647376.0,64309815.0,19835353.0,7909210.0,6351429.0,4884543.0,4375218.45,54931592.0,529911.0,4732385.0,4115927.0,5725826.5,1468859.0,1139,73,0.0,6865361.5,146893.0,182431.0,0.0,905.0,176.0,58.0
2009-07-31,18059618.23,5753466.0,64623574.0,19901064.0,8104995.0,6422534.0,4856250.0,4429305.23,55159860.0,531667.0,4747510.0,4184537.0,5984320.0,1527671.0,1134,74,0.0,7188239.0,140593.0,183159.0,0.0,903.0,173.0,58.0
2009-08-31,18479906.5,5980050.0,64688751.0,19999980.0,8402964.0,6592489.0,4980653.0,4483850.5,55237523.0,531672.0,4746728.0,4172828.0,6206132.1,1596117.0,1142,74,0.0,7468962.1,148431.0,184856.0,0.0,908.0,176.0,58.0
2009-09-30,18710781.71,6119566.0,64906206.0,20134481.0,8416801.0,6676360.0,5152330.0,4584856.71,55442504.0,534164.0,4760516.0,4169022.0,6335105.1,1551213.0,1147,75,0.0,7550966.1,151692.0,183660.0,0.0,913.0,176.0,58.0
2009-10-31,19047676.74,6325379.0,65147298.0,20183090.0,8525741.0,6839879.0,5337779.0,4669656.74,55597776.0,535003.0,4772412.0,4242107.0,6456259.4,1590218.0,1157,76,0.0,7711871.4,155398.0,179208.0,0.0,922.0,177.0,58.0
2009-11-30,19307240.6,6348799.0,65288735.0,20320745.0,8635752.0,6802325.0,5601916.0,4616046.6,55735510.0,536166.0,4782761.0,4234298.0,6471338.600000001,1489442.0,1164,77,0.0,7612878.6,161840.0,186062.0,0.0,929.0,177.0,58.0
2009-12-31,19812343.6,6578312.0,65527345.0,20413801.0,8876631.0,6852869.0,5923502.0,4737653.6,55949403.0,535647.0,4794306.0,4247989.0,6221067.100000001,1511472.0,1199,79,0.0,7375776.1,171074.0,185689.0,0.0,961.0,180.0,58.0
2010-01-31,19364438.723,6126443.106000001,65741576.0,20505444.0,9235076.0,5910982.0,5666554.0,4678269.829,56111732.0,538345.0,4804222.0,4287277.0,6190730.884,1678848.0,1192,85,0.0,7513565.292,184097.592,171916.0,0.0,926.0,226.0,40.0
2010-02-28,19704751.0,5995354.748,65828691.0,20578436.0,8912339.0,6404362.0,5695536.0,4687868.748,56224639.0,533745.0,4794597.0,4275710.0,6458765.0,1570887.0,1247,86,0.0,7673158.0,189593.0,166901.0,0.0,969.0,235.0,43.0
2010-03-31,20197032.0,6512147.82,66226631.0,20706752.0,9152747.0,6713914.0,5969775.0,4872743.82,56540077.0,542867.0,4818674.0,4325013.0,6693566.0,1714136.0,1269,90,0.0,8051965.0,192654.0,163083.0,0.0,987.0,241.0,41.0
2010-04-30,20036780.0,6385606.491,66306118.0,20796536.0,9150250.0,6703263.0,5803401.0,4765472.491,56638313.0,541273.0,4821281.0,4305251.0,6959025.0,1644449.0,1300,98,0.0,8217823.0,206246.0,179405.0,0.0,1008.0,251.0,41.0
2010-05-31,19089437.0,6422839.0,66473362.0,20880791.0,8708999.0,6619981.0,5448626.0,4734670.0,56795348.0,541445.0,4830847.0,4305722.0,7072469.0,1712233.0,1348,99,0.0,8405194.0,209221.0,170287.0,0.0,1033.0,274.0,41.0
2010-06-30,18880647.0,6434562.0,66640531.0,20961811.0,8675796.0,6704290.0,5214110.0,4721013.0,56934054.0,543424.0,4837685.0,4325368.0,7184848.0,1669402.0,1398,101,0.0,8475272.0,205951.0,173027.0,0.0,1068.0,289.0,41.0
2010-07-31,18484253.0,6319626.0,66861914.0,21051987.0,8447539.0,6631668.0,5021155.0,4703517.0,57126999.0,543750.0,4849815.0,4341350.0,7325026.0,1720444.0,1440,101,0.0,8671695.0,202513.0,171262.0,0.0,1101.0,298.0,41.0
2010-08-31,19264961.0,6311091.229,67100529.0,21134434.0,8812297.0,6711969.0,5235680.0,4816106.229,57343690.0,545311.0,4855855.0,4355673.0,7386702.0,1750640.0,1472,105,0.0,8744416.0,215552.0,177374.0,0.0,1122.0,309.0,41.0
2010-09-30,19607558.504,6451393.511,67276859.0,21199120.0,8903996.0,6677111.0,5441691.0,5036154.015,57496824.0,546958.0,4868231.0,4364846.0,7398507.0,1724812.0,1520,105,0.0,8728135.0,216153.0,179031.0,0.0,1161.0,317.0,42.0
2010-10-31,19291173.461999997,6664408.527,67393297.0,21330858.0,8951048.0,6601775.0,5485843.0,4916915.989,57565336.0,546398.0,4867754.0,4413809.0,7448810.0,1784533.0,1552,109,0.0,8832316.0,226863.0,174164.0,0.0,1182.0,328.0,42.0
2010-11-30,19227614.687,6668130.572,67782320.0,21411394.0,8962739.0,6549520.0,5597543.0,4785943.259,57900214.0,553561.0,4890387.0,4438158.0,7451874.0,1730362.0,1591,112,0.0,8767119.0,235766.0,179351.0,0.0,1213.0,335.0,43.0
2010-12-31,20230332.689,6682297.712,67905461.0,21483549.0,9301844.0,6561406.0,6050027.0,4999353.401,58006079.0,552357.0,4901563.0,4445462.0,7299796.0,1744013.0,1635,118,0.0,8607408.0,255446.0,180955.0,0.0,1235.0,357.0,43.0
2011-01-31,20256562.0,6491560.262,68118259.0,21585219.0,9810199.0,5820166.0,5973294.0,5144463.262,58183991.0,552843.0,4918807.0,4462618.0,7412827.0,1712795.0,1702,123,0.0,8647020.0,276773.0,201829.0,0.0,1263.0,378.0,61.0
2011-02-28,20658533.0,5991258.658,68327606.0,21665199.0,9405182.0,6151944.0,6064302.0,5028363.658,58388142.0,553372.0,4933030.0,4453062.0,7220463.0,1574662.0,1722,128,0.0,8334756.0,266652.0,193717.0,0.0,1276.0,385.0,61.0
2011-03-31,20672291.0,6441073.052,68485687.0,21743288.0,9507847.0,6407620.0,6109232.0,5088665.052,58499774.0,554506.0,4963033.0,4468374.0,7415635.0,1821691.0,1746,132,0.0,8780725.0,264096.0,192505.0,0.0,1297.0,386.0,63.0
2011-04-30,20307470.0,6414848.049000001,68673224.0,21817220.0,9236686.0,6474812.0,6030282.0,4980538.049,58641852.0,555755.0,4999885.0,4475732.0,7555631.0,1770369.0,1754,135,0.0,8859696.0,267456.0,198848.0,0.0,1300.0,391.0,63.0
2011-05-31,19849354.0,6341537.385,68981940.0,21893263.0,9137821.0,6331105.0,5744384.0,4977581.385,58909272.0,559358.0,5023867.0,4489443.0,7554429.0,1820667.0,1782,138,0.0,8923475.0,257663.0,193958.0,0.0,1315.0,404.0,63.0
2011-06-30,19443129.0,6345900.72,69083738.0,21978373.0,8867816.0,6465955.0,5463774.0,4991484.72,58983656.0,560765.0,5046023.0,4493294.0,7583798.0,1786746.0,1808,140,0.0,8921102.0,254900.0,194542.0,0.0,1330.0,415.0,63.0
2011-07-31,19531542.0,6440000.6219999995,69387939.0,22059220.0,9128445.0,6425079.0,5407638.0,5010380.622,59247444.0,560171.0,5063556.0,4516768.0,7597613.0,1848137.0,1823,142,0.0,9010595.0,246638.0,188517.0,0.0,1342.0,418.0,63.0
2011-08-31,20011207.0,6632065.841,69571616.0,22127031.0,9201316.0,6640189.0,5615440.0,5186327.841,59417081.0,553528.0,5069106.0,4531901.0,7824765.0,1867775.0,1859,145,0.0,9212977.0,263782.0,215781.0,0.0,1367.0,428.0,64.0
2011-09-30,20631763.0,6719925.336,69718498.0,22178587.0,9523959.0,6601833.0,5848895.0,5377001.336,59528802.0,552147.0,5079469.0,4558080.0,7820953.0,1792548.0,1891,151,0.0,9129567.0,264207.0,219727.0,0.0,1386.0,441.0,64.0
2011-10-31,20254806.0,6809603.382999999,69871857.0,22228796.0,9364967.0,6479432.0,5884431.0,5335579.383,59597119.0,554961.0,5080466.0,4639311.0,7796646.0,1882715.0,1944,154,0.0,9191186.0,272047.0,216128.0,0.0,1425.0,455.0,64.0
2011-11-30,20043308.0,6717929.766,70100035.0,22336063.0,9303323.0,6381946.0,5920895.0,5155073.766,59743665.0,556296.0,5098077.0,4701997.0,7818148.0,1789004.0,1965,155,0.0,9102314.0,286798.0,218040.0,0.0,1428.0,472.0,65.0
2011-12-31,20468414.0,6877686.783,70320964.0,22392344.0,9483105.0,6397956.0,6201549.0,5263490.783,59907083.0,556282.0,5119713.0,4737886.0,7613405.0,1782443.0,1983,156,0.0,8884098.0,296395.0,215355.0,0.0,1441.0,475.0,67.0
2012-01-31,20024555.732,6628684.082,70504711.0,22462854.0,9800235.553,5459242.355,6146055.318,5247706.588,60055340.0,556844.0,5130759.0,4761768.0,7613878.471,2038049.01,2092,201,0.0,9107782.481,320222.0,223923.0,0.0,1490.0,506.0,96.0
2012-02-29,20867044.934,6375173.547,70638070.0,22509081.0,9704924.77,5951732.25,6287304.752,5298256.709,60183237.0,557151.0,5136010.0,4761672.0,7688815.55,1957034.0,2143,203,0.0,9107660.55,320836.0,217353.0,0.0,1525.0,523.0,95.0
2012-03-31,21846898.022,6719770.429,70846097.0,22559411.0,10270603.424,6070777.973,6695613.529,5529673.525,60361583.0,558866.0,5152622.0,4773026.0,7941264.2870000005,2127641.0,2205,215,0.0,9507980.287,341214.0,219711.0,0.0,1567.0,543.0,95.0
2012-04-30,21323645.371,6570851.777,70974472.0,22615313.0,9928135.465,6002940.729,6505923.3,5457497.654,60457849.0,558828.0,5168518.0,4789277.0,8038765.939,2062606.0,2255,222,0.0,9527167.939,350117.0,224087.0,0.0,1605.0,557.0,93.0
2012-05-31,20067454.873,6722598.154,71066886.0,22632199.0,9532019.14,5807980.964,6064814.272,5385238.651,60512633.0,560848.0,5192406.0,4800999.0,7876201.017,2143937.0,2221,227,0.0,9456221.017,351719.0,212198.0,0.0,1521.0,604.0,96.0
2012-06-30,20080627.774,6539033.832,71209750.0,22734267.0,9604889.498,5815347.433,5925021.713,5274402.962,60635849.0,561277.0,5203936.0,4808688.0,7930200.513,1978531.0,2405,236,0.0,9343480.513,356678.0,208573.0,0.0,1679.0,632.0,94.0
2012-07-31,19393153.091,6433073.908,71349711.0,22817501.0,9274297.07,5695860.803,5667011.687,5189057.439,60756114.0,562540.0,5212940.0,4818117.0,8014538.206,2076382.0,2526,242,0.0,9518061.206,366371.0,206488.0,0.0,1758.0,672.0,96.0
2012-08-31,20137516.877,6707611.697,71646990.0,22974816.0,9621636.852,5895434.576,5920231.935,5407825.211,61010843.0,564733.0,5243303.0,4828111.0,8228000.94,2106473.0,2596,253,0.0,9732412.94,382925.0,219136.0,0.0,1797.0,703.0,96.0
2012-09-30,20705793.494,6662660.161,71793853.0,23051256.0,9748529.22,5896489.005,6108884.314,5614551.116,61153048.0,566415.0,5252807.0,4821583.0,8211967.437,2081275.0,2680,264,0.0,9676572.437,393002.0,223668.0,0.0,1843.0,738.0,99.0
2012-10-31,20593924.226999998,6801881.388,72058081.0,23129076.0,9787981.066,5780081.671,6179712.391,5648030.487,61397185.0,568258.0,5264063.0,4828575.0,8268610.395,2131598.0,2759,279,0.0,9767662.015,411792.0,220754.38,0.0,1895.0,763.0,101.0
2012-11-30,21498860.909,6833426.655,72219761.0,23186597.0,10239385.165,5833544.042,6603443.03,5655915.327,61552079.0,569140.0,5265758.0,4832784.0,8239553.638,2071743.0,2846,285,0.0,9636565.039,447898.0,226833.599,0.0,1935.0,811.0,100.0
2012-12-31,21168490.961,6795785.024,72374444.0,23255563.0,10133212.302,5730106.255,6603300.374,5497657.054,61697228.0,570853.0,5270029.0,4836334.0,7707474.455,2093334.0,2926,289,0.0,9103734.745,476265.0,220808.71,0.0,1964.0,861.0,101.0
2013-01-31,21408946.0,6917323.738,72563894.0,23341719.0,10924885.0,5073128.0,6686304.0,5641952.738,61853815.0,571441.0,5282761.0,4855877.0,7926115.348,2138653.1,3098,330,0.0,9320622.448,516164.0,227982.0,0.0,2058.0,966.0,74.0
2013-02-28,21280507.0,6756510.72,72792917.0,23409312.0,10474529.0,5545585.0,6524253.0,5492650.72,62073586.0,572246.0,5287586.0,4859499.0,8027291.582,1965157.4,3174,341,0.0,9268544.982,511155.0,212749.0,0.0,2096.0,1004.0,74.0
2013-03-31,21207822.0,6887764.551,72992954.0,23465189.0,10356996.0,5525106.0,6638468.0,5575016.551,62265199.0,573643.0,5297520.0,4856592.0,8173210.872,2199345.8,3230,351,0.0,9648876.672,508113.0,215567.0,0.0,2114.0,1041.0,75.0
2013-04-30,20810682.0,7122854.428,73145381.0,23541863.0,10301585.0,5630920.0,6508478.0,5492553.428,62400927.0,574458.0,5306010.0,4863986.0,8546280.885,2193719.4,3310,357,0.0,9981193.285,542310.0,216497.0,0.0,2162.0,1073.0,75.0
2013-05-31,20723068.0,6968279.566,73343259.0,23606174.0,10241914.0,5647381.0,6314498.0,5487554.566,62587920.0,575960.0,5317773.0,4861606.0,8530833.396,2149520.5,3375,362,0.0,9948822.896,518413.0,213118.0,0.0,2201.0,1099.0,75.0
2013-06-30,20356566.0,6756287.007999999,73546259.0,23675048.0,10092191.0,5540397.0,6080536.0,5399729.008,62786217.0,576244.0,5327982.0,4855816.0,8460081.096,2080601.9,3420,368,0.0,9811498.996,514138.0,215046.0,0.0,2216.0,1129.0,75.0
2013-07-31,20181738.0,6923516.027,73768216.0,23737660.0,10022335.0,5618262.0,5946465.0,5518192.027,62960302.0,577493.0,5345356.0,4885065.0,8441740.853,2176948.7,3473,378,0.0,9898221.553,507173.0,213295.0,0.0,2239.0,1158.0,76.0
2013-08-31,20741350.0,6952414.262,73948357.0,23810453.0,10280497.0,5692639.0,6088123.0,5632505.262,63132080.0,578595.0,5352224.0,4885458.0,8755035.217,2190558.7,3521,383,0.0,10219756.917,513357.0,212480.0,0.0,2256.0,1189.0,76.0
2013-09-30,20825776.0,7021810.164,74146410.0,23898431.0,10251165.0,5655201.0,6236795.0,5704425.164,63279862.0,579833.0,5379719.0,4906996.0,8614112.576,2089077.1,3538,383,0.0,9964557.676,523526.0,215106.0,0.0,2261.0,1200.0,77.0
2013-10-31,21242100.0,7445693.377,74389112.0,23973421.0,10545296.0,5833202.0,6537412.0,5771883.377,63481975.0,581377.0,5407719.0,4918041.0,8613466.35,2110700.1,3562,384,0.0,9976449.45,533823.0,213894.0,0.0,2270.0,1212.0,80.0
2013-11-30,21738624.0,7351290.54,74602187.0,24046699.0,10710888.0,5758041.0,6825560.0,5795425.54,63665591.0,582209.0,5426199.0,4928188.0,8802281.898,2053242.4,3578,386,0.0,10077494.298,556599.0,221431.0,0.0,2274.0,1223.0,81.0
2013-12-31,21761485.0,7357317.244,74810612.0,24122340.0,10705681.0,5659677.0,7012399.0,5741045.244,63862330.0,582200.0,5443411.0,4922671.0,8345757.106,2118498.7,3594,388,0.0,9688441.806,559818.0,215996.0,0.0,2273.0,1240.0,81.0
2014-01-31,22519124.0,7405151.0,75033221.0,24229575.0,11798319.0,4984978.0,7152194.0,5988784.0,64047311.0,582385.0,5458169.0,4945356.0,8296119.922,2085520.7,3599,393,0.0,9577964.622,592858.0,210818.0,0.0,2291.0,1252.0,56.0
2014-02-28,24164448.3,7191026.0,75279282.0,24305875.0,11878858.0,5747055.0,7603298.0,6126263.3,64284559.0,582637.0,5464375.0,4947711.0,8300798.174,1909915.1,3618,397,0.0,9383051.274,601036.0,226626.0,0.0,2302.0,1259.0,57.0
2014-03-31,22656841.0,7384623.0,75465222.0,24393902.0,11288501.0,5672224.0,7164640.0,5916099.0,64463187.0,581967.0,5463155.0,4956913.0,8142595.741,2088965.2,3647,397,0.0,9437744.941,579579.0,214237.0,0.0,2311.0,1279.0,57.0
2014-04-30,21862416.0,7303969.0,75646732.0,24460831.0,10780340.0,5693009.0,6993319.0,5699717.0,64626422.0,581187.0,5483204.0,4955919.0,8420785.969,1985054.6,3659,401,0.0,9589516.569,594446.0,221878.0,0.0,2316.0,1286.0,57.0
2014-05-31,21542628.0,7433751.0,75855132.0,24539699.0,10877148.0,5589920.0,6744760.0,5764551.0,64807449.0,581623.0,5506353.0,4959707.0,8190324.402,1962703.7,3681,402,0.0,9381716.102,558811.0,212501.0,0.0,2326.0,1298.0,57.0
2014-06-30,20615034.0,7193943.0,76010808.0,24606083.0,10321869.0,5519335.0,6319256.0,5648517.0,64937801.0,581526.0,5517385.0,4974096.0,8112835.057,1834053.183,3709,407,0.0,9193475.24,542869.0,210544.0,0.0,2332.0,1320.0,57.0
2014-07-31,20689645.0,7339104.0,76209960.0,24691330.0,10555858.0,5527690.0,6242496.0,5702705.0,65129699.0,580800.0,5517801.0,4981660.0,7842337.843,1945071.2,3725,408,0.0,9057692.043,530077.0,199640.0,0.0,2337.0,1331.0,57.0
2014-08-31,21120018.0,7437741.0,76317468.0,24769104.0,10541572.0,5787910.0,6448404.0,5779873.0,65228365.0,580111.0,5528750.0,4980242.0,8143437.86,1985263.7,3735,411,0.0,9381131.56,541043.0,206527.0,0.0,2340.0,1338.0,57.0
2014-09-30,21369134.0,7609228.0,76618822.0,24847339.0,10575615.0,5810748.0,6640075.0,5951924.0,65484144.0,580475.0,5547427.0,5006776.0,7989357.284,1960574.8,3732,410,0.0,9197444.084,545968.0,206520.0,0.0,2337.0,1338.0,57.0
2014-10-31,22469801.0,7788844.0,76773902.0,24925344.0,11140609.0,5863134.0,7048409.0,6206493.0,65630035.0,579170.0,5552486.0,5012211.0,7894817.291,1978619.59,3738,412,0.0,9097854.291,566883.0,208699.59,0.0,2334.0,1346.0,58.0
2014-11-30,23039911.0,7753118.0,76878951.0,24986848.0,11382391.0,5899614.0,7383843.0,6127181.0,65741529.0,572267.0,5555938.0,5009217.0,8251452.443,1942857.29,3754,414,0.0,9392759.343,590279.0,211271.39,0.0,2334.0,1362.0,58.0
2014-12-31,22348304.0,7765642.0,77167716.0,25067751.0,11160770.0,5718968.0,7262711.0,5971497.0,66006545.0,571370.0,5564353.0,5025448.0,7837960.117,1931705.53,3758,415,0.0,8974233.617,593205.0,202227.03,0.0,2336.0,1364.0,58.0
2015-01-31,23303997.309,7722801.876,77315855.0,25152520.0,12558302.07,4902015.756,7457969.855,6108511.504,66158585.0,570037.0,5564419.0,5022814.0,7781098.036,1907861.2719999999,3775,428,0.0,8859311.288,618173.0,211475.02,0.0,2348.0,1371.0,56.0
2015-02-28,23500119.0,7514599.0,77508452.0,25210886.0,11780261.0,5606355.0,7486461.0,6141641.0,66324029.0,570567.0,5572463.0,5041393.0,7913092.550999999,1745540.611,3774,432,0.0,8844461.402,603404.0,210767.76,0.0,2341.0,1377.0,56.0
2015-03-31,22224866.0,7593087.0,77201309.0,25299005.0,11098110.0,5481427.0,7319908.0,5918508.0,66011656.0,569520.0,5588991.0,5031142.0,7936625.3610000005,1966211.9349999998,3783,434,0.0,9117743.936,587872.0,197221.36,0.0,2345.0,1382.0,56.0
2015-04-30,22117168.0,7521271.0,77342255.0,25369495.0,10889663.0,5532595.0,7310512.0,5905669.0,66119519.0,569077.0,5620857.0,5032802.0,8110489.459999999,1803995.0389999999,3784,433,0.0,9114322.489,596209.0,203953.01,0.0,2345.0,1383.0,56.0
2015-05-31,20845501.0,7582795.0,78085787.0,25422748.0,10541785.0,5367058.0,6800740.0,5718713.0,66846174.0,567962.0,5620303.0,5051348.0,7934349.388,1797371.7459999998,3783,433,0.0,8971873.124,562996.0,196852.01,0.0,2339.0,1388.0,56.0
2015-06-30,20231101.0,7407097.0,78250282.0,25477873.0,10112848.0,5328589.0,6540802.0,5655959.0,66981801.0,560192.0,5645858.0,5062431.0,7853192.371,1728726.5550000002,3948,433,0.0,8855233.336,531858.0,194827.59,0.0,2487.0,1405.0,56.0
2015-07-31,20070710.0,7187552.0,78334482.0,25537633.0,10110752.0,5154093.0,6316692.0,5676725.0,67061963.0,556604.0,5642791.0,5073124.0,7653266.843,1866236.249,3939,435,0.0,8804746.562,521870.0,192886.53,0.0,2492.0,1391.0,56.0
2015-08-31,20745329.0,7308787.49,78334933.0,25601497.0,10312915.0,5262221.49,6547262.0,5931718.0,67063442.0,553228.0,5638868.0,5079395.0,7832393.305,1922840.113,3957,435,0.0,9029497.498,530163.0,195572.92,0.0,2488.0,1413.0,56.0
2015-09-30,20663562.0,7530093.0,78626005.0,25674338.0,10436503.0,5149907.0,6622472.0,5984773.0,67322607.0,553485.0,5646128.0,5103785.0,7769763.913,1826142.885,3960,437,0.0,8858339.448,538697.0,198870.35,0.0,2490.0,1414.0,56.0
2015-10-31,21769113.0,7832410.0,78847521.0,25747435.0,11133353.0,5261332.0,7063745.0,6143093.0,67528962.0,551088.0,5652597.0,5114874.0,7802336.169999999,1862104.537,3965,438,0.0,8897580.317,567026.0,199834.39,0.0,2490.0,1419.0,56.0
2015-11-30,21876741.0,7830290.0,78966787.0,25767958.0,11131741.0,5199021.0,7206668.0,6169601.0,67624544.0,547841.0,5671964.0,5122438.0,7708866.124,1792168.946,3978,439,0.0,8713400.62,584032.0,203602.45,0.0,2502.0,1420.0,56.0
2015-12-31,21513888.0,7974042.0,79103396.0,25859760.0,11083535.0,5060239.0,7256796.0,6087360.0,67746480.0,546066.0,5687275.0,5123575.0,7349928.501999999,1791341.2040000001,3996,444,0.0,8349361.116,595213.0,196695.59,0.0,2510.0,1430.0,56.0
2016-01-31,21753504.0,7498191.0,79288195.0,25894740.0,11830096.0,4324802.0,7149050.0,5947747.0,67885189.0,546115.0,5716807.0,5140084.0,7409059.52,1780431.203,3906,470,0.0,8335985.693,611723.0,241782.03,0.0,2359.0,1469.0,78.0
2016-02-29,22017500.0,7237576.6,79438125.0,25967798.0,11351945.0,4852439.6,7116453.0,5934239.0,68062676.0,546052.0,5687177.0,5142220.0,7745197.2,1756691.912,4065,485,0.0,8673044.202,597883.0,230961.91,0.0,2474.0,1514.0,77.0
2016-03-31,21864030.0,7698824.0,79387317.0,25968041.0,11316243.0,4902832.0,7171069.0,6172710.0,68062707.0,542256.0,5643799.0,5138555.0,7951502.539999999,1965479.899,4137,490,0.0,9060374.589,626957.0,229650.85,0.0,2524.0,1533.0,80.0
2016-04-30,22695732.0,7497212.0,79592148.0,26064976.0,11782473.0,4808115.0,7380052.0,6222304.0,68237273.0,541366.0,5668939.0,5144570.0,8272836.73,1841835.219,4297,520,0.0,9206309.169,666414.0,241948.78,0.0,2606.0,1611.0,80.0
2016-05-31,20897571.0,7595270.0,79815365.0,26204411.0,10932332.0,4683918.0,6719685.0,6156906.0,68436309.0,540474.0,5680774.0,5157808.0,8200146.380000001,1991484.725,4496,550,0.0,9292332.005,659354.0,239945.1,0.0,2706.0,1708.0,82.0
2016-06-30,19849432.0,7494639.0,79939336.0,26257127.0,10613953.0,4554371.0,6205737.0,5970010.0,68550599.0,539492.0,5688069.0,5161176.0,8317883.359999999,1928490.872,4846,593,0.0,9367559.732,642197.0,236617.5,0.0,2887.0,1864.0,95.0
2016-07-31,19436791.0,7291247.0,80116873.0,26347553.0,10380620.0,4455052.0,6016887.0,5875479.0,68711532.0,538105.0,5698277.0,5168959.0,8489922.87,2080653.1,5274,649,0.0,9670500.14,669176.0,230899.83,0.0,3118.0,2053.0,103.0
2016-08-31,19383259.0,7413009.0,80244830.0,26395188.0,10427772.0,4343360.0,5997624.0,6027512.0,68828663.0,537249.0,5702308.0,5176610.0,8879096.39,2044998.096,5701,694,0.0,9918302.176,751939.0,253853.31,0.0,3321.0,2269.0,111.0
2016-09-30,19901817.0,7492790.0,80346713.0,26450436.0,10890071.0,4178774.0,6184288.0,6141474.0,68916120.0,535352.0,5706559.0,5188682.0,8926449.89,2057687.833,6178,765,0.0,9913095.893,814104.0,256937.83,0.0,3589.0,2470.0,119.0
2016-10-31,19595018.0,7555582.0,80393201.0,26489794.0,10855564.0,4036987.0,6144796.0,6113253.0,68967040.0,534272.0,5699018.0,5192871.0,9002747.47,2079849.619,6686,815,0.0,9935955.979,886413.0,260228.11,0.0,3862.0,2696.0,128.0
2016-11-30,19815850.0,7673739.0,80580252.0,26535248.0,11133955.0,3906544.0,6360976.0,6088114.0,69144246.0,532944.0,5705943.0,5197119.0,9192769.088,2104890.802,7244,895,0.0,10045104.5,974175.0,278380.39,0.0,4162.0,2939.0,143.0
2016-12-31,20006373.0,7653539.0,80724613.0,26597729.0,11357061.0,3769065.0,6445494.0,6088292.0,69277400.0,531455.0,5712916.0,5202842.0,9022389.173,2110845.425,7805,952,0.0,9775181.258,1080545.0,277508.34,0.0,4381.0,3275.0,149.0
2017-01-31,20678775.18,7184933.0,80788262.0,26658118.0,11905635.0,3203852.0,6561836.0,6192385.18,69338019.0,528115.0,5708496.0,5213632.0,9247681.629999999,2279535.8850000002,8440,1057,0.0,9987429.395,1216617.0,323171.12,0.0,4661.0,3601.0,178.0
2017-02-28,20384190.507,6849259.0,80899752.0,26684462.0,11369318.0,3416713.0,6453411.0,5994007.507,69453616.0,526812.0,5706180.0,5213144.0,9585993.12,2056773.462,8901,1081,350.0,10073984.012,1230242.0,338190.57,1.0,4833.0,3864.0,203.0
2017-03-31,21258694.289,7183445.0,81085506.0,26773064.0,12148596.0,3404489.0,6695793.0,6193261.289,69627819.0,525902.0,5713615.0,5218170.0,9736791.12,2409261.2290000003,9243,1153,357.0,10532250.839,1268799.0,344645.51,1.0,4962.0,4066.0,214.0
2017-04-30,20001345.787,7060512.0,81147701.0,26814635.0,11135086.0,3441525.0,6371524.0,6113722.787,69687290.0,524735.0,5711514.0,5224162.0,10178257.92,2229064.097,9498,1181,394.0,10740517.777,1325928.0,340482.24,1.0,5079.0,4212.0,206.0
2017-05-31,18897338.745,7291274.0,81372107.0,26905403.0,10938716.0,3250072.0,6001103.0,5998721.745,69887798.0,524918.0,5721369.0,5238022.0,9684062.759999998,2322130.664,9745,1233,343.0,10415088.614,1247386.0,343375.81,1.0,5175.0,4349.0,220.0
2017-06-30,18704289.3,7167202.0,81462358.0,26938938.0,10790363.0,3320873.0,5769013.0,5991242.3,69990910.0,523186.0,5724399.0,5223863.0,9951286.360000001,2322853.312,10020,1266,348.0,10695724.712,1241203.0,336863.96,1.0,5275.0,4519.0,225.0
2017-07-31,18150983.37,6820876.0,81603998.0,27003619.0,10428345.0,3259820.0,5461926.0,5821768.37,70129610.0,522105.0,5725544.0,5226739.0,9893865.110000001,2447395.872,10290,1284,384.0,10801161.982,1193487.0,346228.0,1.0,5377.0,4683.0,229.0
2017-08-31,18166747.6,7064435.0,81800685.0,27077055.0,10474921.0,3253945.0,5474014.0,6028302.6,70312145.0,521333.0,5732540.0,5234667.0,10173954.989999998,2485142.102,10504,1301,328.0,11074390.112,1244731.0,339647.98,1.0,5448.0,4826.0,229.0
2017-09-30,19195494.0,7135841.0,81889169.0,27122457.0,11096399.0,3250189.0,5829699.0,6155048.0,70365850.0,521313.0,5753975.0,5248031.0,10341210.69,2365188.306,10741,1330,308.0,11054964.056,1285242.0,365884.94,1.0,5537.0,4966.0,237.0
2017-10-31,19208829.0,7460171.0,81973874.0,27188053.0,11174415.0,3247220.0,5962379.0,6284986.0,70460217.0,523026.0,5732941.0,5257690.0,10241699.209999999,2474547.98,10967,1344,281.0,11015381.51,1347019.0,353565.68,1.0,5605.0,5123.0,238.0
2017-11-30,19459868.0,7484279.0,82218818.0,27216502.0,11461775.0,3244554.0,6091487.0,6146331.0,70682100.0,523872.0,5745287.0,5267559.0,10527291.74,2394311.281,10984,1354,357.0,11164837.621,1399864.0,356544.4,1.0,5622.0,5124.0,237.0
2017-12-31,19519307.0,7425345.0,82453088.0,27242455.0,11441127.0,3271186.0,6194572.0,6037767.0,70906516.0,522816.0,5748368.0,5275388.0,10286524.7,2400228.546,11131,1368,352.0,10909768.196,1425215.0,351418.05,1.0,5641.0,5250.0,239.0
2018-01-31,19902504.015,6751387.823999999,82382992.0,27226773.0,11956876.928,2384370.758,6132831.494,6179812.659,70845995.0,521667.0,5738086.0,5277244.0,10636298.043000001,2780311.0210000006,11332,1400,369.525,11515607.135,1478672.531,421959.873,1.0,5705.0,5375.0,251.0
2018-02-28,20049616.654999997,6491739.118999999,82470483.0,27248117.0,11658567.463,2717010.998,6190519.246,5975258.067,70928804.0,521976.0,5742426.0,5277277.0,10149865.877999999,2516133.46,11501,1431,320.753,10846415.469,1381544.963,437718.153,1.0,5757.0,5488.0,255.0
2018-03-31,20472484.578,6668553.02,82707846.0,27333488.0,11949925.612,2735197.208,6333822.634,6122092.144,71166013.0,520014.0,5746698.0,5275121.0,11210402.440000001,2787741.614,11599,1448,398.253,11996077.811,1531693.672,469974.318,1.0,5784.0,5557.0,257.0
2018-04-30,20459461.025,6732014.706,82842152.0,27375858.0,11932569.8,2754336.421,6371322.53,6133246.98,71297329.0,518902.0,5744432.0,5281489.0,10914087.869000003,2615403.1870000004,11724,1474,383.451,11623163.788,1476100.726,429843.091,1.0,5843.0,5622.0,258.0
2018-05-31,19640535.183,6730472.426999999,82996896.0,27420466.0,11400345.55,2721256.053,6026479.019,6222926.988,71390898.0,517733.0,5773645.0,5314620.0,10347379.674000002,2596902.17,11845,1491,374.941,11142108.63,1391167.842,410630.431,1.0,5891.0,5695.0,258.0
2018-06-30,18630778.508999996,6657460.801000001,83081180.0,27468182.0,11065830.447,2547010.481,5572605.085,6102793.297,71490489.0,517103.0,5775835.0,5297753.0,10417040.801,2528518.634,11967,1505,364.981,11231369.197,1312885.606,400939.651,1.0,5928.0,5776.0,262.0
2018-07-31,18449143.677,6491246.295999999,83244117.0,27524853.0,10790173.722,2652455.819,5417198.388,6080562.044,71657143.0,516451.0,5780940.0,5289583.0,10909262.618,2694557.718,12099,1512,428.329,11870939.237,1329884.557,402568.213,1.0,5974.0,5854.0,270.0
2018-08-31,18579096.037,6731587.4120000005,83287490.0,27542822.0,10808430.207,2736426.846,5537320.709,6228505.687,71710038.0,515531.0,5777048.0,5284873.0,11093799.317999998,2652041.903,12254,1529,352.26,11945131.589,1357525.699,442831.673,1.0,6046.0,5938.0,269.0
2018-09-30,19095378.374,6781295.724,83371036.0,27561018.0,11129205.169,2737409.241,5676613.671,6333446.017,71800681.0,514257.0,5767415.0,5288683.0,10650992.999,2551728.329,12394,1546,355.978,11427081.416,1354339.377,420944.557,1.0,6112.0,6010.0,271.0
2018-10-31,19366183.650000002,7210886.624,83502718.0,27614556.0,11526543.151,2707046.128,5985748.435,6357732.56,71924061.0,513625.0,5773012.0,5292020.0,11171386.981999999,2679143.3850000002,12568,1559,361.238,11951900.47,1444827.986,453440.673,1.0,6161.0,6119.0,287.0
2018-11-30,19506987.067,7289574.92,83605445.0,27632153.0,11758471.387,2694958.083,6094684.62,6248447.897,72023096.0,512947.0,5775498.0,5293904.0,11020178.099000001,2624696.4069999997,12715,1578,334.519,11713635.149,1479095.3,451809.538,1.0,6217.0,6203.0,294.0
2018-12-31,20002037.096,6933781.447000001,83669300.0,27655641.0,11718315.908,2689271.561,6220800.125,6307430.949,72081459.0,512285.0,5778443.0,5297113.0,10460786.009999998,2658937.911,12846,1598,304.599,11106420.7,1562367.513,450631.109,1.0,6269.0,6284.0,292.0
2019-01-31,21174352.456,6782638.243,83851891.0,27692803.0,12937806.024,2240464.55,6431689.184,6347030.941,72250204.0,511803.0,5784235.0,5305649.0,11099664.595999999,2759932.902,13201,1749,267.069,11692510.332,1693729.651,473090.446,1.0,6407.0,6480.0,313.0
2019-02-28,21613590.733,6714009.631,83943481.0,27748410.0,12626300.41,2608449.347,6612861.417,6479989.19,72335694.0,510349.0,5784932.0,5312506.0,10462253.139999999,2535262.7950000004,13445,1817,367.241,10965228.88,1596631.244,435288.57,1.0,6498.0,6630.0,316.0
2019-03-31,20658758.431999996,6944161.922,84077495.0,27766692.0,12383711.468,2523310.132,6379207.803,6316690.951,72466363.0,509783.0,5786417.0,5314932.0,10993721.134000001,2713277.4189999998,13569,1798,338.281,11546416.824,1675444.929,484798.519,1.0,6543.0,6700.0,325.0
2019-04-30,19611925.439999998,6736890.306,84188433.0,27802542.0,11569121.807,2521712.537,6131314.755,6126666.647,72572415.0,509683.0,5792152.0,5314183.0,10924745.343,2612282.785,13756,1839,336.433,11408615.476,1650625.948,477450.271,1.0,6616.0,6809.0,330.0
2019-05-31,19785140.104,6990437.861000001,84376684.0,27869867.0,11926232.047,2466229.134,6134912.687,6248204.097,72743384.0,474070.0,5834706.0,5324524.0,11122143.627,2760984.741,14031,1874,361.466,11769939.47,1632865.842,479961.59,1.0,6723.0,6964.0,343.0
2019-06-30,18510824.634,6667957.983000001,84308093.0,27774666.0,11049947.316,2400440.92,5620339.884,6108054.497,72799444.0,467110.0,5835212.0,5206327.0,10748492.196999999,2685262.3890000004,14269,1897,368.989,11464297.898,1520474.025,448613.674,1.0,6833.0,7089.0,346.0
2019-07-31,18059716.612000003,6679494.115000001,84508471.0,27898201.0,10951801.305,2355572.225,5412174.815,6019662.382,72864532.0,466942.0,5838073.0,5338924.0,10924750.586,2820904.1190000004,14530,1922,484.557,11754579.743,1503082.784,487507.621,1.0,6950.0,7233.0,346.0
2019-08-31,18353214.627,6605200.016999999,84723547.0,28074005.0,10986640.856,2395158.672,5409691.131,6166923.985,73032010.0,467185.0,5862377.0,5361975.0,11021116.275999999,2828965.989,14929,1960,362.925,11800808.351,1535913.014,512997.975,1.0,7124.0,7450.0,354.0
2019-09-30,18995179.217999995,6878269.249000001,84841906.0,28125609.0,11378824.274,2403766.737,5656839.14,6434018.316,73078075.0,465701.0,5856110.0,5442020.0,10892597.654000001,2700679.218,15309,2029,354.622,11497488.714,1587622.449,507811.087,1.0,7272.0,7675.0,361.0
2019-10-31,19784332.970000003,7210614.2020000005,84978181.0,28153471.0,11972683.905,2428241.879,6014589.687,6579431.701,73258190.0,466416.0,5880420.0,5373155.0,11388397.68,2900451.965,15540,2043,429.904,12007766.262,1740102.363,540551.116,1.0,7348.0,7828.0,363.0
2019-11-30,20542531.533999998,7383541.805000001,84976157.0,28052175.0,12423293.038,2433384.495,6347285.841,6722109.965,73274312.0,465042.0,5867008.0,5369795.0,11189624.272,2879018.5209999997,15779,2061,384.868,11784392.405,1748113.301,535752.219,1.0,7425.0,7987.0,366.0
2019-12-31,19785597.420999996,7563121.197000001,85058825.0,28231086.0,12200361.902,2364269.192,6228722.588,6555364.936,73332637.0,464643.0,5882799.0,5378746.0,10620289.25,2982655.8740000003,16093,2149,343.9,11246168.944,1819257.196,537175.084,1.0,7534.0,8185.0,373.0
2020-01-31,20252656.100000005,6970800.074,84995588.0,28180186.0,12908260.659,1883966.65,6125255.546,6305973.319,73255056.0,463955.0,5895299.0,5381278.0,11055047.63,3052003.5799999996,16566,2252,247.913,11648953.828,1894438.232,563411.237,1.0,7664.0,8487.0,414.0
2020-02-29,20269011.622,6740163.103,85055999.0,28247900.0,12382895.763,2244546.507,6231271.621,6150460.834,73307337.0,464203.0,5863835.0,5420624.0,11080558.993999999,2907285.9639999997,16991,2366,332.649,11653586.848,1807952.084,525973.377,1.0,7803.0,8766.0,421.0
2020-03-31,20007335.827,6922157.165,85257937.0,28339062.0,12431415.39,2197431.843,6061992.278,6238653.481,73491022.0,462610.0,5868373.0,5435932.0,11384391.813999997,2828509.7919999994,17380,2494,443.575,11935247.882,1754098.452,523111.697,1.0,7940.0,9011.0,428.0
2020-04-30,18424901.954000004,6560892.683,85287121.0,28785823.0,12317889.169,1822083.991,4984340.643,5861480.834,73434980.0,461146.0,5876060.0,5514935.0,9845508.385,2430632.8449999997,17704,2501,468.952,10351631.053,1403946.96,520094.265,1.0,8021.0,9244.0,438.0
2020-05-31,17278232.91,6390228.362,84793225.0,28220728.0,11755429.937,1705037.922,4438337.715,5769655.698,73092973.0,459906.0,5832282.0,5408064.0,9831146.018000003,2626255.8880000003,18089,2563,471.963,10613683.508,1335798.805,507447.63,1.0,8157.0,9483.0,448.0
2020-06-30,16880424.263,6254549.432,85216415.0,28364436.0,11395468.913,1809414.166,4217585.726,5712504.89,73530274.0,459366.0,5811925.0,5414850.0,9945148.902000003,2692545.654,18522,2652,495.741,10746028.757,1393699.117,497470.941,1.0,8271.0,9796.0,454.0
2020-07-31,17412343.939,6490643.382999999,85523146.0,28443159.0,11706238.099,1975855.829,4434413.536,5786479.858,73799345.0,459329.0,5819470.0,5445002.0,11027229.261999998,2940224.8660000004,19035,2819,290.066,11938995.257,1500467.471,527701.334,1.0,8420.0,10128.0,486.0
2020-08-31,18078192.228000004,6547960.791999999,85997385.0,28617282.0,11851295.9,2078012.218,4636451.631,6060393.271,74191084.0,460457.0,5831479.0,5514365.0,11602359.693,3015507.878,19502,2873,479.759,12464625.439,1614007.018,538755.355,1.0,8600.0,10381.0,520.0
2020-09-30,18672054.459,6857584.038999999,86203562.0,28648752.0,12239990.559,2149191.485,4923239.812,6217216.642,74381785.0,461138.0,5839912.0,5520727.0,11766282.852999998,3056478.0590000004,20039,3001,397.602,12505994.755,1743035.537,573333.018,1.0,8747.0,10754.0,537.0
2020-10-31,20090201.685,7237953.918,86289244.0,28748890.0,13089686.182,2237640.112,5454765.978,6546063.331,74472418.0,460491.0,5835079.0,5521256.0,12273658.799000002,3272599.448,20635,3188,391.856,13030922.754,1898537.183,616406.454,1.0,8810.0,11219.0,605.0
2020-11-30,19215665.768,6922856.330000001,86372229.0,28782951.0,12777454.966,2019321.044,5243583.391,6098162.697,74566318.0,461331.0,5848335.0,5496245.0,12157077.077999998,3119874.3609999996,21050,3190,438.219,12740605.676,1906395.086,629512.458,1.0,9009.0,11416.0,624.0
2020-12-31,19871295.48,6877534.323,86627431.0,28837342.0,13312413.202,1929787.113,5475368.456,6031261.032,74808188.0,460521.0,5841134.0,5517588.0,12190553.132,3225040.7860000003,21297,3167,278.54,12744107.173,2045008.44,626199.765,1.0,8968.0,11672.0,656.0
2021-01-31,20319303.025999997,7045658.414000001,86802177.0,28829465.0,13653561.07,1861306.183,5535406.878,6314687.309,75001110.0,460687.0,5842383.0,5497997.0,12456224.241,3247466.028,21866,3338,470.0,12963049.28,2118697.926,621473.063,1.0,9178.0,11935.0,752.0
2021-02-28,19676290.947,6732153.727,86809825.0,28943547.0,12875575.391,1961405.315,5491076.429,6080387.539,74993968.0,454808.0,5855032.0,5506017.0,12000642.949000001,3069401.8510000003,22660,3690,262.0,12427633.005,2039865.82,602283.975,1.0,9340.0,12536.0,783.0
2021-03-31,20817331.868,6805896.219,87056164.0,29000215.0,13256125.7,2250075.62,5957796.43,6159230.337,75210058.0,457316.0,5869191.0,5519599.0,12702213.012000002,3332925.4809999997,23375,4041,262.0,13341707.492,2075816.191,617352.81,1.0,9594.0,12966.0,814.0
2021-04-30,19877482.087,6955099.392,87017279.0,28923892.0,13358596.752,2046212.333,5295692.128,6132080.266,75189003.0,457866.0,5853490.0,5516920.0,12578272.096,3239477.6619999995,23984,4298,298.0,13161796.129,1991532.825,664122.804,1.0,9505.0,13653.0,825.0
2021-05-31,18203911.946,6643722.473,87110697.0,28982253.0,11973657.267,1896086.089,4900400.781,6077490.282,75271305.0,459723.0,5854791.0,5524878.0,12557512.684,3385253.572,23762,3713,436.0,13372961.109,1937373.903,631995.244,1.0,9691.0,13220.0,850.0
2021-06-30,18000913.259,6814843.034999998,87371991.0,29042204.0,12012389.103,1911949.134,4865850.459,6025567.598,75519323.0,460667.0,5859077.0,5532924.0,12384355.951,3237895.3159999996,24269,3798,436.0,13084819.973,1915458.414,621536.88,1.0,9768.0,13639.0,861.0
2021-07-31,17616436.939999998,6639030.900000002,87597886.0,29173833.0,11712264.238,1917514.361,4687657.829,5938031.412,75719388.0,460965.0,5868281.0,5549252.0,12539789.686,3403253.5510000004,24586,3812,374.0,13385047.765,1923698.813,633922.659,1.0,9878.0,13804.0,903.0
2021-08-31,17925482.748000003,6815653.432,87751817.0,29205220.0,11849544.532,1977759.976,4823196.817,6090634.855,75887478.0,461618.0,5870237.0,5532484.0,12716586.211000001,3455606.8500000006,25020,3919,336.0,13462949.136,2020296.405,688611.52,1.0,10007.0,14088.0,924.0
2021-09-30,18957915.844999995,7041940.937,87809286.0,29211599.0,12610762.828,1991611.379,5159730.179,6237752.396,75966902.0,461306.0,5876107.0,5504971.0,12626071.298999999,3336533.1339999996,25397,3957,419.0,13174502.761,2114959.004,672723.668,1.0,10087.0,14328.0,981.0
2021-10-31,18860763.683999997,7261836.211,87989524.0,29303881.0,12551626.042,1944512.135,5290873.563,6335588.155,76145434.0,460979.0,5875547.0,5507564.0,12995998.605,3494890.1799999997,26124,4427,391.0,13591441.745,2198285.444,700770.596,1.0,10271.0,14858.0,994.0
2021-11-30,18300994.224,7179648.699999999,87979983.0,29230668.0,12391745.923,1906747.287,5245686.507,5936463.207,76171887.0,461396.0,5874290.0,5472410.0,12913993.418000001,3481071.452,26137,4146,453.0,13445011.522,2238953.694,710646.654,1.0,10334.0,14813.0,989.0
2021-12-31,19348720.118,7297976.458999999,88033319.0,29267905.0,13098917.806,1878527.258,5594073.77,6075177.743,76245552.0,461105.0,5875937.0,5450725.0,12689997.084000003,3591884.6410000008,26553,4284,415.0,13196434.623,2365389.464,719642.638,1.0,10428.0,15132.0,992.0
2022-01-31,19362128.448,6841449.757,88690958.0,29532009.0,13063159.814,1696379.103,5508481.62,5935557.668,76834967.0,462246.0,6085822.0,5307923.0,12914533.060999999,3462108.5069999998,27193,4244,360.414,13075857.699,2460522.776,839900.679,1.0,10510.0,15624.0,1058.0
2022-02-28,19341164.617,6545860.548,88771267.0,29521986.0,12919991.037,1757537.951,5579089.53,5630406.647,77030469.0,458997.0,6085432.0,5196369.0,12739455.999999996,3227339.8000000003,27522,4291,174.116,12680149.719,2399454.527,887017.438,1.0,10594.0,15859.0,1068.0
2022-03-31,20556361.468,7008383.477,88915735.0,29601631.0,13920233.753,1820678.435,5875320.632,5948512.125,77273134.0,451839.0,6031778.0,5158984.0,13606952.853000002,3454832.3320000004,27854,4358,349.837,13667892.281,2527586.45,865956.617,1.0,10658.0,16113.0,1082.0
2022-04-30,19566051.62,6778801.700000001,89102020.0,29655551.0,12871669.228,1892899.997,5746791.629,5833492.466,77501073.0,450985.0,6025591.0,5124371.0,13525420.330000002,3396940.4129999997,28171,4421,370.88,13545937.83,2482533.197,893518.836,1.0,10752.0,16327.0,1091.0
2022-05-31,18215544.356999997,6908241.612,89407322.0,29750276.0,12276617.3,1759460.91,5286799.328,5800908.431,77788706.0,451667.0,6032566.0,5134383.0,13474971.141999999,3463038.026,28491,4456,365.441,13752566.781,2315338.864,869738.082,1.0,10834.0,16494.0,1162.0
2022-06-30,17714345.358,6646589.098999999,89506052.0,29777080.0,11916041.238,1831777.585,4977546.216,5635569.418,77910666.0,450907.0,6029823.0,5114656.0,13086610.038,3495567.855999999,28820,4562,406.974,13540474.943,2175859.504,865436.473,1.0,10917.0,16709.0,1193.0
2022-07-31,17514739.38,6599456.055000001,89700022.0,29840010.0,11976375.552,1792346.845,4906183.755,5439289.283,78103287.0,449824.0,6038812.0,5108099.0,13362819.317999996,3760158.251,29164,4652,411.834,14010136.383,2251991.46,860437.892,1.0,10997.0,16920.0,1246.0
2022-08-31,17918539.303999998,6863676.103,90027144.0,29967931.0,12075309.939,1844922.401,5023218.063,5838765.004,78401739.0,447419.0,6057587.0,5120399.0,13503677.98,3854381.131,29504,4736,334.778,14167962.739,2285033.63,904727.964,1.0,11127.0,17098.0,1278.0
2022-09-30,18242492.077,7093810.109999999,90218149.0,30004810.0,12504944.662,1862459.942,5117933.755,5850963.828,78575825.0,447331.0,6074038.0,5120955.0,13272882.037,3709302.004,29909,4834,408.696,13822052.84,2275419.798,884302.707,1.0,11239.0,17366.0,1303.0
2022-10-31,18101506.66,7205151.906,90170155.0,30082194.0,12604802.241,1767142.275,5086697.515,5848016.535,78550504.0,447023.0,6069577.0,5103051.0,13351575.930999998,3860906.196,30253,4903,414.056,13944972.635,2395503.266,871592.17,1.0,11345.0,17592.0,1315.0
2022-11-30,18458596.165,7300697.985,90308687.0,30126479.0,12949280.26,1744709.784,5307001.739,5758302.367,78699811.0,446781.0,6075722.0,5086373.0,13175890.832,3788230.6119999997,30632,5014,423.968,13659501.685,2431006.891,873188.9,1.0,11411.0,17869.0,1351.0
2022-12-31,19398206.020999998,7150995.029,90543445.0,30245418.0,13688211.921,1699331.668,5507773.054,5653884.407,78939055.0,446863.0,6088752.0,5068775.0,12825764.72,3850654.629,31080,5114,376.553,13213995.356,2572365.341,889682.099,1.0,11553.0,18165.0,1361.0
2023-01-31,18608807.72,6896015.902000001,91011719.0,30459158.0,13069699.87,1551061.9,5387914.046,5496147.806,79356507.0,445321.0,6094652.0,5115239.0,13089777.618000003,3944785.2160000005,33793,5251,316.165,13383541.478,2678096.299,972608.892,2.0,12049.0,20206.0,1536.0
2023-02-28,19666109.369999997,6714995.7299999995,91096002.0,30469293.0,13730552.352,1622984.711,5530871.981,5496696.056,79457640.0,445025.0,6091627.0,5101710.0,12897540.291999998,3741946.0209999997,34258,5380,190.215,13042342.031,2657286.675,939667.392,2.0,12172.0,20517.0,1567.0
2023-03-31,20537058.479,7088673.5430000005,91307773.0,30482113.0,14366042.268,1630273.59,5789943.773,5839472.391,79692714.0,446302.0,6108704.0,5060053.0,13942978.764999997,4153637.9590000003,35268,5470,215.522,14346819.673,2815183.146,934398.383,2.0,12359.0,21308.0,1599.0
2023-04-30,20058528.832,6960295.862000001,91545960.0,30601239.0,13702492.044,1729113.004,5759383.145,5827836.501,79951029.0,446628.0,6107573.0,5040730.0,13802626.651999999,4062568.4189999993,35258,5547,436.371,14105302.758,2780254.396,979201.546,2.0,12505.0,21142.0,1609.0
2023-05-31,18217039.509999998,7211850.31,91599959.0,30712684.0,13078429.274,1548127.15,5209295.068,5593038.328,80020981.0,446357.0,6105130.0,5027491.0,13612428.206999997,4122595.3860000004,36083,5677,386.968,14190262.103,2630809.586,913564.936,2.0,12595.0,21818.0,1668.0
2023-06-30,18113811.557,7056949.499,91899647.0,30729848.0,12838197.116,1623919.447,5055171.059,5653473.434,80295191.0,447415.0,6126810.0,5030231.0,13431715.992000002,4054272.802,37047,5738,457.555,14006954.656,2545558.293,933018.29,2.0,12819.0,22449.0,1777.0
2023-07-31,17639264.877,6838389.509999999,92025911.0,30771200.0,12583011.171,1585324.195,4798698.889,5510620.132,80444586.0,447191.0,6119341.0,5014793.0,13484415.408,4051839.6970000006,37903,5955,421.456,14115107.832,2499953.599,920772.218,2.0,12978.0,23052.0,1871.0
2023-08-31,18127548.314000003,7142076.686999999,92049225.0,30666668.0,12998579.363,1603475.144,5019529.018,5648041.476,80463287.0,447250.0,6129975.0,5008713.0,13963738.765,4196801.261,38027,6150,376.926,14519316.239,2659405.363,981441.498,2.0,13131.0,22951.0,1943.0
2023-09-30,18868920.915999997,7492018.334999999,92168127.0,30879512.0,13684394.628,1631454.57,5242526.673,5802563.38,80589828.0,447569.0,6129043.0,5001687.0,13871441.541,4243861.811,38850,6379,419.743,14341574.287,2769031.913,1004277.409,2.0,13316.0,23503.0,2029.0
2023-10-31,19883917.157,7620565.6790000005,92452942.0,31032926.0,14419593.398,1574112.104,5529205.012,5981572.322,80866423.0,447940.0,6134006.0,5004573.0,14258963.357999997,4310605.104,39551,6569,372.881,14660045.28,2896393.074,1012757.227,2.0,13512.0,23932.0,2105.0
2023-11-30,20188712.645,7927576.805000001,92484442.0,31100466.0,14941061.351,1567459.128,5615195.122,5992573.849,80896211.0,448139.0,6143836.0,4996256.0,14369835.866999999,4179209.681,40206,6706,396.301,14481034.119,3023914.337,1043700.791,2.0,13657.0,24388.0,2159.0
2023-12-31,21104406.86,7775049.327,92800017.0,31180201.0,15318599.363,1550822.2,5863114.679,6146919.945,81242648.0,449108.0,6158142.0,4950119.0,14079255.298,4263935.674000001,40765,6886,348.878,14117787.601,3155882.45,1069172.043,2.0,13789.0,24728.0,2246.0
2024-01-31,20827440.227999996,7579891.411999999,92630857.0,31219807.0,15445413.589,1365270.674,5713935.773,5882711.604,81097470.0,448350.0,6125268.0,4959769.0,14246788.726999998,4312897.477,41989,7262,1026.47,14180965.403,3269137.315,1108557.016,5.0,14122.0,25428.0,2434.0
2024-02-29,20604461.016,7302438.348999999,93048470.0,31130788.0,15206548.035,1447782.053,5671684.124,5580885.153,81587486.0,442735.0,6145116.0,4873133.0,14305054.848,4154660.1369999996,44294,7684,1150.6,14115032.641,3255156.593,1088375.151,9.0,14904.0,26806.0,2575.0
2024-03-31,21298927.756,7302427.014,93129454.0,31155000.0,15611180.326,1438635.464,5789150.237,5762388.743,81692373.0,447589.0,6135279.0,4854213.0,14946234.184,4401398.49,45721,7981,726.669,14826380.446,3352866.553,1169112.344,7.0,15332.0,27700.0,2682.0
2024-04-30,20328384.97,7510909.024,93273603.0,31324285.0,14946723.612,1429211.604,5676764.021,5786594.757,81790390.0,446288.0,6119787.0,4917138.0,15253112.017000003,4301874.847999999,47361,8335,549.612,14941532.055,3386043.854,1226861.344,6.0,15871.0,28714.0,2770.0
2024-05-31,19996048.915,7445993.654000001,93145935.0,31376772.0,14841833.48,1367602.593,5564583.426,5668023.07,81784101.0,442181.0,6084205.0,4835448.0,15137624.199000001,4523366.802,49358,8615,591.037,15158127.515,3286187.62,1216084.829,8.0,16651.0,29731.0,2968.0
2024-06-30,18932688.169,7318915.506,93244970.0,31431355.0,13969224.083,1355922.406,5174482.05,5751975.136,81843721.0,441643.0,6074414.0,4885192.0,14898923.900999999,4477463.703,51431,8954,607.482,14964501.644,3179531.304,1231747.174,10.0,17227.0,31053.0,3141.0
2024-07-31,18021183.662000004,7090631.762,93555188.0,31620962.0,13430604.327,1273033.83,4850604.933,5557572.334,82173641.0,443583.0,6071079.0,4866885.0,15168714.981000002,4631623.957,53733,9695,685.041,15504002.606,3029871.648,1265779.643,10.0,17897.0,31954.0,3872.0
2024-08-31,18457234.626,7212867.668000001,93948818.0,31474163.0,13744072.006,1321727.287,4928516.829,5675786.172,82544750.0,445074.0,6152837.0,4806157.0,15681491.294999998,4779468.586,56306,10096,529.325,15999773.882,3116296.142,1344360.532,11.0,18735.0,33362.0,4198.0
2024-09-30,18687981.856000002,7473980.244,93906996.0,31594620.0,14208155.246,1270397.307,5063567.098,5619842.449,82541515.0,438957.0,6127684.0,4798840.0,15538693.837000001,4704787.348,58993,10622,757.973,15639406.573,3217690.604,1385626.035,13.0,19562.0,34833.0,4585.0
2024-10-31,19853306.854000006,7551938.8719999995,94283939.0,31785825.0,15078461.471,1245974.014,5378801.256,5702008.985,82874116.0,438897.0,6123687.0,4847239.0,15822709.613999998,4767356.856,61598,11149,794.207,15660518.1,3441537.603,1487216.56,19.0,20333.0,36416.0,4830.0
2024-11-30,18925022.684000004,7780139.841000001,94182544.0,31715979.0,14799743.177,1232455.295,5224497.799,5448466.254,82904399.0,428502.0,6100520.0,4749123.0,15872140.217999998,4791464.801000001,63839,11622,905.792,15632718.66,3568901.673,1461078.894,25.0,21034.0,37720.0,5060.0
2024-12-31,19423805.65,7632760.515000001,94227357.0,31714835.0,15229038.544,1110879.15,5309228.724,5407419.747,82944635.0,427964.0,6108344.0,4746414.0,15427400.322999999,4885733.824,66985,12310,967.019,15166159.993,3643703.265,1502303.87,32.0,22047.0,39500.0,5406.0
2025-01-31,19515419.276000004,7252774.723999999,94060978.0,31807317.0,,,,,,,,,15543245.813,4832268.33,65981,12952,,,,,,,,
2025-02-28,20548791.699000005,6952210.085000001,94169854.0,31796156.0,,,,,,,,,15731180.822999999,4619979.142999999,69770,13458,,,,,,,,
2025-03-31,20872093.175,7052139.111,94354095.0,31801606.0,,,,,,,,,16487859.894,4815709.261,72296,13969,,,,,,,,
2025-04-30,18659203.543,7153879.737,94719562.0,32112597.0,,,,,,,,,16265346.200000001,4913414.136,74346,14399,,,,,,,,
2025-05-31,17994091.566000003,7372749.598,94796566.0,32044259.0,,,,,,,,,16143348.665999997,5063483.961999999,76366,14794,,,,,,,,
2025-06-30,17294913.832999997,7037563.503,94696973.0,31989079.0,,,,,,,,,15727676.151,4911584.044,78606,15272,,,,,,,,
2025-07-31,0.0,0.0,0.0,0.0,,,,,,,,,0.0,0.0,0,0,,,,,,,,
