Tipo,Categoria,Consumo,Consumidores,Inicio,Frequência,Comprimento_Serie
CATIVO,CHV,"[18120257.588 18128738.786000002 18429490.582 18918154.514999997
 18037960.067 17764778.194 17867068.94 17958670.429 18460331.057
 18420574.665000003 18240833.382 18300305.567999996 17453740.787
 16890043.625 17271277.969 17783539.855 16897869.042 16930252.044
 16599987.171000002 16637333.857 17094366.739 16928627.408
 16891975.333000004 16968106.975999996 16477583.34 17233968.561
 17405709.221 17171681.663 16365056.454 16349376.561999999 16205713.979
 16555909.938 16766303.194 16691015.404000001 17061196.673
 17217019.231000002 17095007 17232541 17761362 18235232 17437899 16859100
 16524070 16917071 17532504 17586358 17961397 17710605 17837099 18361596
 18021924 18136213 18204585 17743134 17874162 18535081 18553167 18953476
 19134262 18175448 18001058.2 18284481.01 19088815.01 19022143.5
 18144786.3 17873024.45 18059618.23 18479906.5 18710781.71 19047676.74
 19307240.6 19812343.6 19364438.723 19704751 20197032 20036780 19089437
 18880647 18484253 19264961 19607558.504 19291173.461999997 19227614.687
 20230332.689 20256562 20658533 20672291 20307470 19849354 19443129
 19531542 20011207 20631763 20254806 20043308 20468414 20024555.732
 20867044.934 21846898.022 21323645.371 20067454.873 20080627.774
 19393153.091 20137516.877 20705793.494 20593924.226999998 21498860.909
 21168490.961 21408946 21280507 21207822 20810682 20723068 20356566
 20181738 20741350 20825776 21242100 21738624 21761485 22519124 24164448.3
 22656841 21862416 21542628 20615034 20689645 21120018 21369134 22469801
 23039911 22348304 23303997.309 23500119 22224866 22117168 20845501
 20231101 20070710 20745329 20663562 21769113 21876741 21513888 21753504
 22017500 21864030 22695732 20897571 19849432 19436791 19383259 19901817
 19595018 19815850 20006373 20678775.18 20384190.507 21258694.289
 20001345.787 18897338.745 18704289.3 18150983.37 18166747.6 19195494
 19208829 19459868 19519307 19902504.015 20049616.654999997 20472484.578
 20459461.025 19640535.183 18630778.508999996 18449143.677 18579096.037
 19095378.374 19366183.650000002 19506987.067 20002037.096 21174352.456
 21613590.733 20658758.431999996 19611925.439999998 19785140.104
 18510824.634 18059716.612000003 18353214.627 18995179.217999995
 19784332.970000003 20542531.533999998 19785597.420999996
 20252656.100000005 20269011.622 20007335.827 18424901.954000004
 17278232.91 16880424.263 17412343.939 18078192.228000004 18672054.459
 20090201.685 19215665.768 19871295.48 20319303.025999997 19676290.947
 20817331.868 19877482.087 18203911.946 18000913.259 17616436.939999998
 17925482.748000003 18957915.844999995 18860763.683999997 18300994.224
 19348720.118 19362128.448 19341164.617 20556361.468 19566051.62
 18215544.356999997 17714345.358 17514739.38 17918539.303999998
 18242492.077 18101506.66 18458596.165 19398206.020999998 18608807.72
 19666109.369999997 20537058.479 20058528.832 18217039.509999998
 18113811.557 17639264.877 18127548.314000003 18868920.915999997
 19883917.157 20188712.645 21104406.86 20827440.227999996 20604461.016
 21298927.756 20328384.97 19996048.915 18932688.169 18021183.662000004
 18457234.626 18687981.856000002 19853306.854000006 18925022.684000004
 19423805.65 19515419.276000004 20548791.699000005 20872093.175
 18659203.543 17994091.566000003 17294913.832999997 0]","[53331275 53560192.595 53751078.078999996 53934062 53841309 53973855
 54097775 54323121 54403926 54797451 54701420 54842923 55370816 55436106
 55625822 55735754 55764322.307 56018609.307 56161280.307 56322008
 56462947.460999995 56628029.460999995 56766920.53 56941976.576
 57180385.474 57318674.46 57504933 57609801 57789205 57924467 58065641
 58259189 58452658 58578095 58895952 58978724 59087811 59354619 59561486
 59555275 59748280 59931782 60058994 60295467 60452089 60704431 60877777
 61081716 61345496 61788438 62048274 62178712 62340126 62206021 62389390
 62596769 62801341 63036950 63082334 63366101 63514515 63489402 64007678
 64072400 64188620 64309815 64623574 64688751 64906206 65147298 65288735
 65527345 65741576 65828691 66226631 66306118 66473362 66640531 66861914
 67100529 67276859 67393297 67782320 67905461 68118259 68327606 68485687
 68673224 68981940 69083738 69387939 69571616 69718498 69871857 70100035
 70320964 70504711 70638070 70846097 70974472 71066886 71209750 71349711
 71646990 71793853 72058081 72219761 72374444 72563894 72792917 72992954
 73145381 73343259 73546259 73768216 73948357 74146410 74389112 74602187
 74810612 75033221 75279282 75465222 75646732 75855132 76010808 76209960
 76317468 76618822 76773902 76878951 77167716 77315855 77508452 77201309
 77342255 78085787 78250282 78334482 78334933 78626005 78847521 78966787
 79103396 79288195 79438125 79387317 79592148 79815365 79939336 80116873
 80244830 80346713 80393201 80580252 80724613 80788262 80899752 81085506
 81147701 81372107 81462358 81603998 81800685 81889169 81973874 82218818
 82453088 82382992 82470483 82707846 82842152 82996896 83081180 83244117
 83287490 83371036 83502718 83605445 83669300 83851891 83943481 84077495
 84188433 84376684 84308093 84508471 84723547 84841906 84978181 84976157
 85058825 84995588 85055999 85257937 85287121 84793225 85216415 85523146
 85997385 86203562 86289244 86372229 86627431 86802177 86809825 87056164
 87017279 87110697 87371991 87597886 87751817 87809286 87989524 87979983
 88033319 88690958 88771267 88915735 89102020 89407322 89506052 89700022
 90027144 90218149 90170155 90308687 90543445 91011719 91096002 91307773
 91545960 91599959 91899647 92025911 92049225 92168127 92452942 92484442
 92800017 92630857 93048470 93129454 93273603 93145935 93244970 93555188
 93948818 93906996 94283939 94182544 94227357 94060978 94169854 94354095
 94719562 94796566 94696973 0]",2004-01-01,Mensal,259
CATIVO,SHV,"[4464213.728 4181309.947 4412252.007 4499366.993 4452779.7870000005
 3910707.477 3372209.5949999997 3501429.3050000006 3590415.78 3614262.312
 3703619.687 3746183.429 3678512.5169999995 3490768.95 3642218.551
 3604942.1969999997 3575251.489 3520624.0819999995 3496313.2090000003
 3580617.8759999997 3645450.9949999996 3695637.7120000003
 3792411.6129999994 3807235.9960000003 3594484.6129999994 3500438.193
 3594922.771 3558054.363 3489273.341 3501284.33 3499507.8740000003
 3628169.4750000006 3722696.5010000006 3837215.6330000004 3875051.538
 3869429.1890000002 3802279 3692688 3641101 3768059 3746764 3775390
 3722978 3829102 3820381 4013835 4120308 4134549 4082882.235 3954811.653
 4004979.812 3901338.284 3984912.365 3946351.8109999998 4004733.043
 4124575.636 4259080.691 4371173.377 4428863.533 4396527.45 4227546
 3971324 4019271 4110677 4055957 4038604 4101556 4274346 4374171 4535545
 4609820 4678389 4423998.106000001 4291367.748 4611341.82 4645974.491
 4600839 4611263 4533399 4569075.229 4674354.511 4819179.527 4861497.572
 4867178.712 4686660.262 4359291.658 4592237.052 4658466.049000001
 4514095.385 4598797.72 4648619.6219999995 4786418.841 4930734.336
 5011838.382999999 4979633.766 5076495.783 4838108.082 4671850.547
 4853716.429 4795414.777 4890265.154 4857236.832 4732159.908 4940900.697
 4898946.161 5003561.388 5125721.655 5076719.024 5096131.738 4984788.72
 4992976.551 5180922.428 5111130.566 5041236.007999999 5037859.027
 5139383.262 5212148.164 5504049.377 5452229.54 5508752.244 5461193
 5321947 5410596 5338971 5495012 5330408 5406651 5500279 5652250 5753021
 5754141 5797572 5704323.876 5564603 5545286 5497715 5595634 5487741
 5405750 5506197.49 5703409 5905103 5902796 5967023 5598328 5421718.6
 5634905 5559166 5640435 5573790 5490023 5544303 5609614 5670959 5769061
 5735453 5294239 5090519 5293213 5227912 5389296 5311197 5087684 5300271
 5380207 5556334 5613873 5561078 5215238.111 4978895.409 5146716.39
 5155975.1850000005 5149741.044 5109358.417 5001275.651 5197337.922
 5249939.233 5567800.728 5626441.867000001 5368043.885000001 5192274.884
 5121948.6729999995 5236854.397000001 5151304.956 5339533.672
 5131924.538000001 5143358.372 5115020.6049999995 5300016.362
 5513575.964000001 5671802.19 5812180.604 5391215.302 5230416.735
 5329713.836 5067488.620999999 4927565.159 4848829.481000001
 5026267.065000001 5133079.489 5345869.79 5606394.686 5500226.987
 5444205.255 5408071.286 5157611.598 5259072.925999999 5327151.782
 5177183.511 5273870.708 5152756.183000001 5330588.795000001 5501661.593
 5652754.69 5638165.816 5784928.453999999 5400062.944 5092923.99
 5449047.359 5235157.816000001 5343472.4059999995 5118875.872000001
 5108629.116 5347661.069 5541922.472999999 5645492.513 5665653.688
 5668187.274 5428227.79 5225644.3780000005 5464011.765000001 5390754.075
 5617474.647 5540175.073 5355690.867999999 5622298.972999999
 5864534.002999999 5989716.2 6206799.516999999 6026022.9229999995
 5891128.946999999 5770911.959 5721504.4350000005 5842486.058
 5869315.0540000005 5710641.585 5544808.341000001 5740089.482 5926586.31
 5997371.978 6151951.353 6065297.263 5779111.965 5488566.762 5497659.244
 5567353.978 5835456.539 5561051.520999999 0]","[11593928 11686457.595 11697802 11819068 11694328 11717373 11724469
 11856826 11831364 11899808 11964275 11997987 12073597 12075034 12131900
 12160100 12155534.307 12223153.307 12278534.307 12327831 12358182.461
 12406789.461 12451398.53 12504808.576 12561748.474 12611971.46 12663057
 12711377 12756056 12809002 12848310 12896880 12963036 13023077 13083038
 13157903 13154656 13359582 13425197 13421355 13483005 13541812 13595882
 13647983 13702581 13769783 13816280 13873853 13934273 14007169 14058298
 14109218 14155618 14188358 14233760 14292545 14354124 14415030 14476695
 14576859 14625124 14663426 14752040 14790467 14826506 14915598 14961735
 15041166 15150066 15180360 15295970 15360940 15433451 15493879 15552162
 15611862 15669625 15729844 15793567 15846158 15937433 16011994 16073774
 16124574 16205686 16264862 16325140 16384410 16439885 16504444 16565599
 16613669 16651343 16686167 16775538 16820096 16874641 16912225 16957343
 17007311 17025048 17116634 17181619 17313635 17369415 17421171 17467448
 17519256 17591307 17647001 17690594 17757988 17806989 17859729 17910914
 17963460 18034504 18088133 18142339 18201260 18288629 18346632 18416558
 18465560 18525234 18578032 18642289 18701067 18761926 18817591 18867714
 18925990 18994258 19038147 19111162 19169245 19205235 19247147 19290422
 19339840 19398183 19453552 19461532 19536764 19562515 19626533 19613260
 19696400 19844540 19882878 19963576 20000056 20049871 20085378 20126565
 20176339 20228740 20246982 20331927 20367891 20451223 20481384 20547247
 20611525 20652776 20710203 20732704 20749011 20728378 20741520 20815541
 20844529 20880270 20921587 20974770 20982293 20994147 21036460 21045232
 21056401 21081477 21126483 21135564 21160662 21218700 21114971 21231816
 21395551 21435425 21452972 21342440 21506426 21442400 21502107 21585727
 22027873 21454068 21583066 21644846 21815502 21834093 21920483 21954577
 21994329 21974286 22076818 22120993 22031321 22077769 22122970 22239116
 22254711 22245598 22322920 22236709 22260407 22517340 22497967 22563697
 22606431 22688899 22701602 22759650 22876877 22897134 22959621 22989344
 23092722 23293689 23294204 23290826 23398655 23495881 23500506 23529203
 23409391 23609291 23749636 23803899 23868105 23896399 23797424 23810516
 23966069 24003779 24046837 24221358 24063342 24171881 24348149 24267286
 24252559 24332212 24308681 24303407 24598711 24514499 24445629 0]",2004-01-01,Mensal,259
CATIVO,Residencial,"[ 6780680.373  6429337.18   6600338.007  6809006.361  6477341.432
  6291091.533  6292471.042  6304477.069  6604390.033  6606513.86
  6631190.163  6643371.195  7118537.783  6758333.1    6865215.603
  7131738.269  6718147.337  6776657.851  6644820.476  6704784.133
  6949354.55   6917987.523  6976440.905  7077729.55   7167631.952
  7131815.538  7408516.681  7229825.818  6933355.613  6963614.779
  6892915.368  6939971.547  7128370.581  7182235.971  7438708.379
  7366884.598  7710353.     7392941.     7594317.     7728826.
  7491488.     7204161.     7071277.     7344516.     7449312.
  7511776.     7768281.     7618124.     8134240.673  7958717.008
  7693600.865  7754681.104  7933880.683  7621230.414  7653505.215
  7880631.602  7815707.904  8119784.796  8237719.125  7942689.348
  8604549.     8149451.     8489683.     8472103.     8188290.
  7909210.     8104995.     8402964.     8416801.     8525741.
  8635752.     8876631.     9235076.     8912339.     9152747.
  9150250.     8708999.     8675796.     8447539.     8812297.
  8903996.     8951048.     8962739.     9301844.     9810199.
  9405182.     9507847.     9236686.     9137821.     8867816.
  9128445.     9201316.     9523959.     9364967.     9303323.
  9483105.     9800235.553  9704924.77  10270603.424  9928135.465
  9532019.14   9604889.498  9274297.07   9621636.852  9748529.22
  9787981.066 10239385.165 10133212.302 10924885.    10474529.
 10356996.    10301585.    10241914.    10092191.    10022335.
 10280497.    10251165.    10545296.    10710888.    10705681.
 11798319.    11878858.    11288501.    10780340.    10877148.
 10321869.    10555858.    10541572.    10575615.    11140609.
 11382391.    11160770.    12558302.07  11780261.    11098110.
 10889663.    10541785.    10112848.    10110752.    10312915.
 10436503.    11133353.    11131741.    11083535.    11830096.
 11351945.    11316243.    11782473.    10932332.    10613953.
 10380620.    10427772.    10890071.    10855564.    11133955.
 11357061.    11905635.    11369318.    12148596.    11135086.
 10938716.    10790363.    10428345.    10474921.    11096399.
 11174415.    11461775.    11441127.    11956876.928 11658567.463
 11949925.612 11932569.8   11400345.55  11065830.447 10790173.722
 10808430.207 11129205.169 11526543.151 11758471.387 11718315.908
 12937806.024 12626300.41  12383711.468 11569121.807 11926232.047
 11049947.316 10951801.305 10986640.856 11378824.274 11972683.905
 12423293.038 12200361.902 12908260.659 12382895.763 12431415.39
 12317889.169 11755429.937 11395468.913 11706238.099 11851295.9
 12239990.559 13089686.182 12777454.966 13312413.202 13653561.07
 12875575.391 13256125.7   13358596.752 11973657.267 12012389.103
 11712264.238 11849544.532 12610762.828 12551626.042 12391745.923
 13098917.806 13063159.814 12919991.037 13920233.753 12871669.228
 12276617.3   11916041.238 11976375.552 12075309.939 12504944.662
 12604802.241 12949280.26  13688211.921 13069699.87  13730552.352
 14366042.268 13702492.044 13078429.274 12838197.116 12583011.171
 12998579.363 13684394.628 14419593.398 14941061.351 15318599.363
 15445413.589 15206548.035 15611180.326 14946723.612 14841833.48
 13969224.083 13430604.327 13744072.006 14208155.246 15078461.471
 14799743.177 15229038.544 15635779.63  15988981.883 16193101.575
 14609433.659 14567727.236 13855708.562 14216014.061]","[45430039.    45630099.    45874005.    46044908.    45965740.
 46078802.    46185866.    46379790.    46444030.    46807640.
 46749980.    46848803.    47310842.    47370980.    47537195.
 47628550.    47646178.182 47859338.182 47974144.182 48113779.
 48231324.215 48364511.215 48477738.25  48620918.303 48832682.257
 48949655.202 49142423.    49223956.    49381893.    49488764.
 49619532.    49775917.    49930638.    49993268.    50264291.
 50318859.    50411787.    50616909.    50794759.    50809168.
 50968860.    51120945.    51216986.    51420926.    51518818.
 51736528.    51878451.    52057455.    52285499.    52669169.
 52916044.    53037415.    53197046.    53058089.    53202195.
 53414111.    53648913.    53862496.    53902747.    54156879.
 54258623.    54269879.    54630946.    54711872.    54814253.
 54931592.    55159860.    55237523.    55442504.    55597776.
 55735510.    55949403.    56111732.    56224639.    56540077.
 56638313.    56795348.    56934054.    57126999.    57343690.
 57496824.    57565336.    57900214.    58006079.    58183991.
 58388142.    58499774.    58641852.    58909272.    58983656.
 59247444.    59417081.    59528802.    59597119.    59743665.
 59907083.    60055340.    60183237.    60361583.    60457849.
 60512633.    60635849.    60756114.    61010843.    61153048.
 61397185.    61552079.    61697228.    61853815.    62073586.
 62265199.    62400927.    62587920.    62786217.    62960302.
 63132080.    63279862.    63481975.    63665591.    63862330.
 64047311.    64284559.    64463187.    64626422.    64807449.
 64937801.    65129699.    65228365.    65484144.    65630035.
 65741529.    66006545.    66158585.    66324029.    66011656.
 66119519.    66846174.    66981801.    67061963.    67063442.
 67322607.    67528962.    67624544.    67746480.    67885189.
 68062676.    68062707.    68237273.    68436309.    68550599.
 68711532.    68828663.    68916120.    68967040.    69144246.
 69277400.    69338019.    69453616.    69627819.    69687290.
 69887798.    69990910.    70129610.    70312145.    70365850.
 70460217.    70682100.    70906516.    70845995.    70928804.
 71166013.    71297329.    71390898.    71490489.    71657143.
 71710038.    71800681.    71924061.    72023096.    72081459.
 72250204.    72335694.    72466363.    72572415.    72743384.
 72799444.    72864532.    73032010.    73078075.    73258190.
 73274312.    73332637.    73255056.    73307337.    73491022.
 73434980.    73092973.    73530274.    73799345.    74191084.
 74381785.    74472418.    74566318.    74808188.    75001110.
 74993968.    75210058.    75189003.    75271305.    75519323.
 75719388.    75887478.    75966902.    76145434.    76171887.
 76245552.    76834967.    77030469.    77273134.    77501073.
 77788706.    77910666.    78103287.    78401739.    78575825.
 78550504.    78699811.    78939055.    79356507.    79457640.
 79692714.    79951029.    80020981.    80295191.    80444586.
 80463287.    80589828.    80866423.    80896211.    81242648.
 81097470.    81587486.    81692373.    81790390.    81784101.
 81843721.    82173641.    82544750.    82541515.    82874116.
 82904399.    82944635.    82722677.    82866679.    83088332.
 83385056.    83539228.    83470435.    83826720.   ]",2004-01-01,Mensal,259
CATIVO,Industrial,"[9066706.879 9305783.558 9577173.802 9695977.56  9539948.329 9159914.93
 8654157.049 8839850.942 8742969.351 8600233.784 8580400.557 8435115.199
 6978771.254 6807912.429 6954888.987 7010917.183 6910322.838 6838595.674
 6845900.544 6851044.331 6771327.983 6669050.415 6538550.565 6504027.256
 5747975.305 6055942.188 6167308.031 6101496.399 5969041.151 6046362.36
 6005044.671 6212500.404 6116687.084 6149382.454 6119667.055 6079725.329
 5601371.    5983386.    6110682.    6298314.    6202432.    6291358.
 6179612.    6269518.    6339584.    6361198.    6402820.    6350357.
 5906222.408 6522654.442 6532501.989 6600691.645 6708795.051 6657508.024
 6889225.378 7087235.963 7096965.195 7173045.336 6929263.085 6335227.88
 5425558.    6050193.    6315383.    6345815.    6160979.    6351429.
 6422534.    6592489.    6676360.    6839879.    6802325.    6852869.
 5910982.    6404362.    6713914.    6703263.    6619981.    6704290.
 6631668.    6711969.    6677111.    6601775.    6549520.    6561406.
 5820166.    6151944.    6407620.    6474812.    6331105.    6465955.
 6425079.    6640189.    6601833.    6479432.    6381946.    6397956.
 5459242.355 5951732.25  6070777.973 6002940.729 5807980.964 5815347.433
 5695860.803 5895434.576 5896489.005 5780081.671 5833544.042 5730106.255
 5073128.    5545585.    5525106.    5630920.    5647381.    5540397.
 5618262.    5692639.    5655201.    5833202.    5758041.    5659677.
 4984978.    5747055.    5672224.    5693009.    5589920.    5519335.
 5527690.    5787910.    5810748.    5863134.    5899614.    5718968.
 4902015.756 5606355.    5481427.    5532595.    5367058.    5328589.
 5154093.    5262221.49  5149907.    5261332.    5199021.    5060239.
 4324802.    4852439.6   4902832.    4808115.    4683918.    4554371.
 4455052.    4343360.    4178774.    4036987.    3906544.    3769065.
 3203852.    3416713.    3404489.    3441525.    3250072.    3320873.
 3259820.    3253945.    3250189.    3247220.    3244554.    3271186.
 2384370.758 2717010.998 2735197.208 2754336.421 2721256.053 2547010.481
 2652455.819 2736426.846 2737409.241 2707046.128 2694958.083 2689271.561
 2240464.55  2608449.347 2523310.132 2521712.537 2466229.134 2400440.92
 2355572.225 2395158.672 2403766.737 2428241.879 2433384.495 2364269.192
 1883966.65  2244546.507 2197431.843 1822083.991 1705037.922 1809414.166
 1975855.829 2078012.218 2149191.485 2237640.112 2019321.044 1929787.113
 1861306.183 1961405.315 2250075.62  2046212.333 1896086.089 1911949.134
 1917514.361 1977759.976 1991611.379 1944512.135 1906747.287 1878527.258
 1696379.103 1757537.951 1820678.435 1892899.997 1759460.91  1831777.585
 1792346.845 1844922.401 1862459.942 1767142.275 1744709.784 1699331.668
 1551061.9   1622984.711 1630273.59  1729113.004 1548127.15  1623919.447
 1585324.195 1603475.144 1631454.57  1574112.104 1567459.128 1550822.2
 1365270.674 1447782.053 1438635.464 1429211.604 1367602.593 1355922.406
 1273033.83  1321727.287 1270397.307 1245974.014 1232455.295 1110879.15
  974413.623 1034044.261 1003938.316  974484.56   959605.876  941265.585
  916673.65 ]","[506577.    505805.135 506382.493 506583.    504642.    505236.
 504296.    504477.    506131.    507849.    510489.    504463.
 506179.    504927.    505373.    505525.    505951.01  506790.01
 507337.01  507951.    508270.013 508507.013 508831.012 510047.011
 509412.012 509327.006 508724.    508500.    509025.    509097.
 510799.    509605.    509961.    513017.    513943.    514787.
 513717.    515950.    517002.    515303.    515456.    516307.
 517260.    518336.    519630.    522678.    523469.    524589.
 527073.    530333.    533513.    534883.    534626.    530902.
 531567.    524679.    524456.    525971.    526302.    528041.
 527111.    524536.    528746.    529127.    528708.    529911.
 531667.    531672.    534164.    535003.    536166.    535647.
 538345.    533745.    542867.    541273.    541445.    543424.
 543750.    545311.    546958.    546398.    553561.    552357.
 552843.    553372.    554506.    555755.    559358.    560765.
 560171.    553528.    552147.    554961.    556296.    556282.
 556844.    557151.    558866.    558828.    560848.    561277.
 562540.    564733.    566415.    568258.    569140.    570853.
 571441.    572246.    573643.    574458.    575960.    576244.
 577493.    578595.    579833.    581377.    582209.    582200.
 582385.    582637.    581967.    581187.    581623.    581526.
 580800.    580111.    580475.    579170.    572267.    571370.
 570037.    570567.    569520.    569077.    567962.    560192.
 556604.    553228.    553485.    551088.    547841.    546066.
 546115.    546052.    542256.    541366.    540474.    539492.
 538105.    537249.    535352.    534272.    532944.    531455.
 528115.    526812.    525902.    524735.    524918.    523186.
 522105.    521333.    521313.    523026.    523872.    522816.
 521667.    521976.    520014.    518902.    517733.    517103.
 516451.    515531.    514257.    513625.    512947.    512285.
 511803.    510349.    509783.    509683.    474070.    467110.
 466942.    467185.    465701.    466416.    465042.    464643.
 463955.    464203.    462610.    461146.    459906.    459366.
 459329.    460457.    461138.    460491.    461331.    460521.
 460687.    454808.    457316.    457866.    459723.    460667.
 460965.    461618.    461306.    460979.    461396.    461105.
 462246.    458997.    451839.    450985.    451667.    450907.
 449824.    447419.    447331.    447023.    446781.    446863.
 445321.    445025.    446302.    446628.    446357.    447415.
 447191.    447250.    447569.    447940.    448139.    449108.
 448350.    442735.    447589.    446288.    442181.    441643.
 443583.    445074.    438957.    438897.    428502.    427964.
 436546.    438179.    433281.    432409.    432498.    430554.
 430336.   ]",2004-01-01,Mensal,259
CATIVO,Comercial,"[4220228.79  4123008.329 4178482.674 4420409.297 4074520.282 3807916.881
 3856244.627 3835079.799 4085830.474 4151351.831 4188595.5   4362831.602
 4445266.061 4318517.887 4506507.532 4638131.991 4329877.093 4247401.865
 4099567.377 4092191.332 4308502.066 4356878.554 4475715.661 4599352.936
 4567635.517 4745343.963 4793045.116 4747896.608 4334890.944 4225565.464
 4134153.603 4309463.21  4410721.599 4480740.602 4662415.105 4834364.402
 4825523.    4809237.    4981067.    5155623.    4745510.    4450888.
 4353510.    4407561.    4642086.    4742935.    4958240.    5009245.
 5073996.846 5041960.48  5094734.135 5056655.057 4945200.796 4692351.199
 4653819.74  4840684.672 4961563.982 5112907.142 5353652.593 5235566.721
 5210266.    5288222.    5541801.    5527885.    5092605.    4884543.
 4856250.    4980653.    5152330.    5337779.    5601916.    5923502.
 5666554.    5695536.    5969775.    5803401.    5448626.    5214110.
 5021155.    5235680.    5441691.    5485843.    5597543.    6050027.
 5973294.    6064302.    6109232.    6030282.    5744384.    5463774.
 5407638.    5615440.    5848895.    5884431.    5920895.    6201549.
 6146055.318 6287304.752 6695613.529 6505923.3   6064814.272 5925021.713
 5667011.687 5920231.935 6108884.314 6179712.391 6603443.03  6603300.374
 6686304.    6524253.    6638468.    6508478.    6314498.    6080536.
 5946465.    6088123.    6236795.    6537412.    6825560.    7012399.
 7152194.    7603298.    7164640.    6993319.    6744760.    6319256.
 6242496.    6448404.    6640075.    7048409.    7383843.    7262711.
 7457969.855 7486461.    7319908.    7310512.    6800740.    6540802.
 6316692.    6547262.    6622472.    7063745.    7206668.    7256796.
 7149050.    7116453.    7171069.    7380052.    6719685.    6205737.
 6016887.    5997624.    6184288.    6144796.    6360976.    6445494.
 6561836.    6453411.    6695793.    6371524.    6001103.    5769013.
 5461926.    5474014.    5829699.    5962379.    6091487.    6194572.
 6132831.494 6190519.246 6333822.634 6371322.53  6026479.019 5572605.085
 5417198.388 5537320.709 5676613.671 5985748.435 6094684.62  6220800.125
 6431689.184 6612861.417 6379207.803 6131314.755 6134912.687 5620339.884
 5412174.815 5409691.131 5656839.14  6014589.687 6347285.841 6228722.588
 6125255.546 6231271.621 6061992.278 4984340.643 4438337.715 4217585.726
 4434413.536 4636451.631 4923239.812 5454765.978 5243583.391 5475368.456
 5535406.878 5491076.429 5957796.43  5295692.128 4900400.781 4865850.459
 4687657.829 4823196.817 5159730.179 5290873.563 5245686.507 5594073.77
 5508481.62  5579089.53  5875320.632 5746791.629 5286799.328 4977546.216
 4906183.755 5023218.063 5117933.755 5086697.515 5307001.739 5507773.054
 5387914.046 5530871.981 5789943.773 5759383.145 5209295.068 5055171.059
 4798698.889 5019529.018 5242526.673 5529205.012 5615195.122 5863114.679
 5713935.773 5671684.124 5789150.237 5676764.021 5564583.426 5174482.05
 4850604.933 4928516.829 5063567.098 5378801.256 5224497.799 5309228.724
 4967036.764 5217477.144 5169361.638 4839745.792 4658021.773 4381396.531
 4239475.273]","[4238307.    4245586.    4252172.503 4261081.    4244656.    4253483.
 4260038.    4274715.    4276973.    4288772.    4238483.    4279093.
 4316767.    4315200.    4321625.    4326185.    4325466.147 4341518.147
 4346912.147 4348574.    4349013.226 4355807.226 4360538.258 4368071.202
 4371705.199 4374271.187 4348574.    4352712.    4352090.    4365959.
 4365118.    4373746.    4382204.    4415790.    4426149.    4430909.
 4416810.    4451294.    4463101.    4443663.    4454119.    4463096.
 4470386.    4479755.    4487038.    4504550.    4519124.    4528687.
 4559039.    4595055.    4606847.    4612506.    4627675.    4602486.
 4616386.    4612374.    4630915.    4636308.    4635413.    4634625.
 4663786.    4667688.    4710462.    4721739.    4725694.    4732385.
 4747510.    4746728.    4760516.    4772412.    4782761.    4794306.
 4804222.    4794597.    4818674.    4821281.    4830847.    4837685.
 4849815.    4855855.    4868231.    4867754.    4890387.    4901563.
 4918807.    4933030.    4963033.    4999885.    5023867.    5046023.
 5063556.    5069106.    5079469.    5080466.    5098077.    5119713.
 5130759.    5136010.    5152622.    5168518.    5192406.    5203936.
 5212940.    5243303.    5252807.    5264063.    5265758.    5270029.
 5282761.    5287586.    5297520.    5306010.    5317773.    5327982.
 5345356.    5352224.    5379719.    5407719.    5426199.    5443411.
 5458169.    5464375.    5463155.    5483204.    5506353.    5517385.
 5517801.    5528750.    5547427.    5552486.    5555938.    5564353.
 5564419.    5572463.    5588991.    5620857.    5620303.    5645858.
 5642791.    5638868.    5646128.    5652597.    5671964.    5687275.
 5716807.    5687177.    5643799.    5668939.    5680774.    5688069.
 5698277.    5702308.    5706559.    5699018.    5705943.    5712916.
 5708496.    5706180.    5713615.    5711514.    5721369.    5724399.
 5725544.    5732540.    5753975.    5732941.    5745287.    5748368.
 5738086.    5742426.    5746698.    5744432.    5773645.    5775835.
 5780940.    5777048.    5767415.    5773012.    5775498.    5778443.
 5784235.    5784932.    5786417.    5792152.    5834706.    5835212.
 5838073.    5862377.    5856110.    5880420.    5867008.    5882799.
 5895299.    5863835.    5868373.    5876060.    5832282.    5811925.
 5819470.    5831479.    5839912.    5835079.    5848335.    5841134.
 5842383.    5855032.    5869191.    5853490.    5854791.    5859077.
 5868281.    5870237.    5876107.    5875547.    5874290.    5875937.
 6085822.    6085432.    6031778.    6025591.    6032566.    6029823.
 6038812.    6057587.    6074038.    6069577.    6075722.    6088752.
 6094652.    6091627.    6108704.    6107573.    6105130.    6126810.
 6119341.    6129975.    6129043.    6134006.    6143836.    6158142.
 6125268.    6145116.    6135279.    6119787.    6084205.    6074414.
 6071079.    6152837.    6127684.    6123687.    6100520.    6108344.
 6108283.    6117549.    6120531.    6116589.    6121779.    6111906.
 6115056.   ]",2004-01-01,Mensal,259
CATIVO,Outros,"[3939467.68  3774959.884 3853884.22  3886492.98  3816548.329 3829270.972
 3844150.165 3868075.596 4043050.825 4130510.095 4000797.167 4076558.812
 4055305.233 3895888.041 3961159.875 4016889.572 3958627.954 3968437.293
 3944285.34  3999870.377 4154601.616 4150619.741 4157231.607 4056322.091
 4053903.397 4216027.531 4131973.043 4074174.351 4054557.626 4034714.875
 4087413.263 4202194.402 4306839.33  4215553.741 4190354.5   4247325.22
 4288551.    4159278.    4181666.    4328461.    4300847.    4220273.
 4204461.    4283971.    4456127.    4619659.    4579985.    4461797.
 4522434.308 4438284.723 4354675.823 4287194.478 4306817.835 4334442.174
 4377974.71  4558757.399 4687472.61  4731608.103 4721666.73  4639918.501
 4592400.2   4390410.01  4561840.01  4493713.5   4349832.3   4375218.45
 4429305.23  4483850.5   4584856.71  4669656.74  4616046.6   4737653.6
 4678269.829 4687868.748 4872743.82  4765472.491 4734670.    4721013.
 4703517.    4816106.229 5036154.015 4916915.989 4785943.259 4999353.401
 5144463.262 5028363.658 5088665.052 4980538.049 4977581.385 4991484.72
 5010380.622 5186327.841 5377001.336 5335579.383 5155073.766 5263490.783
 5247706.588 5298256.709 5529673.525 5457497.654 5385238.651 5274402.962
 5189057.439 5407825.211 5614551.116 5648030.487 5655915.327 5497657.054
 5641952.738 5492650.72  5575016.551 5492553.428 5487554.566 5399729.008
 5518192.027 5632505.262 5704425.164 5771883.377 5795425.54  5741045.244
 5988784.    6126263.3   5916099.    5699717.    5764551.    5648517.
 5702705.    5779873.    5951924.    6206493.    6127181.    5971497.
 6108511.504 6141641.    5918508.    5905669.    5718713.    5655959.
 5676725.    5931718.    5984773.    6143093.    6169601.    6087360.
 5947747.    5934239.    6172710.    6222304.    6156906.    5970010.
 5875479.    6027512.    6141474.    6113253.    6088114.    6088292.
 6192385.18  5994007.507 6193261.289 6113722.787 5998721.745 5991242.3
 5821768.37  6028302.6   6155048.    6284986.    6146331.    6037767.
 6179812.659 5975258.067 6122092.144 6133246.98  6222926.988 6102793.297
 6080562.044 6228505.687 6333446.017 6357732.56  6248447.897 6307430.949
 6347030.941 6479989.19  6316690.951 6126666.647 6248204.097 6108054.497
 6019662.382 6166923.985 6434018.316 6579431.701 6722109.965 6555364.936
 6305973.319 6150460.834 6238653.481 5861480.834 5769655.698 5712504.89
 5786479.858 6060393.271 6217216.642 6546063.331 6098162.697 6031261.032
 6314687.309 6080387.539 6159230.337 6132080.266 6077490.282 6025567.598
 5938031.412 6090634.855 6237752.396 6335588.155 5936463.207 6075177.743
 5935557.668 5630406.647 5948512.125 5833492.466 5800908.431 5635569.418
 5439289.283 5838765.004 5850963.828 5848016.535 5758302.367 5653884.407
 5496147.806 5496696.056 5839472.391 5827836.501 5593038.328 5653473.434
 5510620.132 5648041.476 5802563.38  5981572.322 5992573.849 6146919.945
 5882711.604 5580885.153 5762388.743 5786594.757 5668023.07  5751975.136
 5557572.334 5675786.172 5619842.449 5702008.985 5448466.254 5407419.747
 5190963.983 5260498.496 5557830.757 5389419.269 5181486.279 5154106.658
 5044859.62 ]","[3156352.    3178702.46  3118518.083 3121490.    3126271.    3136334.
 3147575.    3164139.    3176792.    3193190.    3202468.    3210564.
 3237028.    3244999.    3261629.    3275494.    3286726.968 3310962.968
 3332886.968 3351704.    3374340.007 3399204.007 3419813.01  3442940.06
 3466586.006 3485421.065 3505212.    3524633.    3546197.    3560647.
 3570192.    3599921.    3629855.    3656020.    3691569.    3714169.
 3745497.    3770466.    3786624.    3787141.    3809845.    3831434.
 3854362.    3876450.    3926603.    3940675.    3956733.    3970985.
 3973885.    3993881.    3991870.    3993908.    3980779.    4014544.
 4039242.    4045605.    3997057.    4012175.    4017872.    4046556.
 4064995.    4027299.    4137524.    4109662.    4119965.    4115927.
 4184537.    4172828.    4169022.    4242107.    4234298.    4247989.
 4287277.    4275710.    4325013.    4305251.    4305722.    4325368.
 4341350.    4355673.    4364846.    4413809.    4438158.    4445462.
 4462618.    4453062.    4468374.    4475732.    4489443.    4493294.
 4516768.    4531901.    4558080.    4639311.    4701997.    4737886.
 4761768.    4761672.    4773026.    4789277.    4800999.    4808688.
 4818117.    4828111.    4821583.    4828575.    4832784.    4836334.
 4855877.    4859499.    4856592.    4863986.    4861606.    4855816.
 4885065.    4885458.    4906996.    4918041.    4928188.    4922671.
 4945356.    4947711.    4956913.    4955919.    4959707.    4974096.
 4981660.    4980242.    5006776.    5012211.    5009217.    5025448.
 5022814.    5041393.    5031142.    5032802.    5051348.    5062431.
 5073124.    5079395.    5103785.    5114874.    5122438.    5123575.
 5140084.    5142220.    5138555.    5144570.    5157808.    5161176.
 5168959.    5176610.    5188682.    5192871.    5197119.    5202842.
 5213632.    5213144.    5218170.    5224162.    5238022.    5223863.
 5226739.    5234667.    5248031.    5257690.    5267559.    5275388.
 5277244.    5277277.    5275121.    5281489.    5314620.    5297753.
 5289583.    5284873.    5288683.    5292020.    5293904.    5297113.
 5305649.    5312506.    5314932.    5314183.    5324524.    5206327.
 5338924.    5361975.    5442020.    5373155.    5369795.    5378746.
 5381278.    5420624.    5435932.    5514935.    5408064.    5414850.
 5445002.    5514365.    5520727.    5521256.    5496245.    5517588.
 5497997.    5506017.    5519599.    5516920.    5524878.    5532924.
 5549252.    5532484.    5504971.    5507564.    5472410.    5450725.
 5307923.    5196369.    5158984.    5124371.    5134383.    5114656.
 5108099.    5120399.    5120955.    5103051.    5086373.    5068775.
 5115239.    5101710.    5060053.    5040730.    5027491.    5030231.
 5014793.    5008713.    5001687.    5004573.    4996256.    4950119.
 4959769.    4873133.    4854213.    4917138.    4835448.    4885192.
 4866885.    4806157.    4798840.    4847239.    4749123.    4746414.
 4793472.    4747447.    4711951.    4785508.    4703061.    4684078.
 4764699.   ]",2004-01-01,Mensal,259
LIVRE,CHV,"[2826557.2909999997 2732214.9439999997 2907926.859 3067165.279
 3157482.9680000003 3267499.072 3437759.37 3529777.009 3564979.5509999995
 3707245.098999999 3694394.1170000006 3750669.896 4458981.849 4852411.557
 4924892.290999999 5236185.0430000005 5156272.204000002 5122795.14
 5359633.6620000005 5661912.999999999 5724819.315999999 5570967.307999999
 5688563.674000001 5757306.527 5762213.334 5799124.786999999
 5831101.103999999 6078033.263 6054723.261 6179427.713 6293205.795000001
 6538983.279999999 6341906.427999998 6361145.411 6486676.38 6289880.109
 6586161 6455990 6745554 6844698 6922849 6928761 6932591 7100402 7090601
 7101858 7194797 7056524 6623138 6248279 6830379 6660923 6725437 6777876
 6943454 7011410 6836719 6884075 6608612 5815673 5343359.6 5307814.7
 5615441.5 5793775.3 5687301.6 5725826.5 5984320 6206132.1 6335105.1
 6456259.4 6471338.600000001 6221067.100000001 6190730.884 6458765 6693566
 6959025 7072469 7184848 7325026 7386702 7398507 7448810 7451874 7299796
 7412827 7220463 7415635 7555631 7554429 7583798 7597613 7824765 7820953
 7796646 7818148 7613405 7613878.471 7688815.55 7941264.2870000005
 8038765.939 7876201.017 7930200.513 8014538.206 8228000.94 8211967.437
 8268610.395 8239553.638 7707474.455 7926115.348 8027291.582 8173210.872
 8546280.885 8530833.396 8460081.096 8441740.853 8755035.217 8614112.576
 8613466.35 8802281.898 8345757.106 8296119.922 8300798.174 8142595.741
 8420785.969 8190324.402 8112835.057 7842337.843 8143437.86 7989357.284
 7894817.291 8251452.443 7837960.117 7781098.036 7913092.550999999
 7936625.3610000005 8110489.459999999 7934349.388 7853192.371 7653266.843
 7832393.305 7769763.913 7802336.169999999 7708866.124 7349928.501999999
 7409059.52 7745197.2 7951502.539999999 8272836.73 8200146.380000001
 8317883.359999999 8489922.87 8879096.39 8926449.89 9002747.47 9192769.088
 9022389.173 9247681.629999999 9585993.12 9736791.12 10178257.92
 9684062.759999998 9951286.360000001 9893865.110000001 10173954.989999998
 10341210.69 10241699.209999999 10527291.74 10286524.7 10636298.043000001
 10149865.877999999 11210402.440000001 10914087.869000003
 10347379.674000002 10417040.801 10909262.618 11093799.317999998
 10650992.999 11171386.981999999 11020178.099000001 10460786.009999998
 11099664.595999999 10462253.139999999 10993721.134000001 10924745.343
 11122143.627 10748492.196999999 10924750.586 11021116.275999999
 10892597.654000001 11388397.68 11189624.272 10620289.25 11055047.63
 11080558.993999999 11384391.813999997 9845508.385 9831146.018000003
 9945148.902000003 11027229.261999998 11602359.693 11766282.852999998
 12273658.799000002 12157077.077999998 12190553.132 12456224.241
 12000642.949000001 12702213.012000002 12578272.096 12557512.684
 12384355.951 12539789.686 12716586.211000001 12626071.298999999
 12995998.605 12913993.418000001 12689997.084000003 12914533.060999999
 12739455.999999996 13606952.853000002 13525420.330000002
 13474971.141999999 13086610.038 13362819.317999996 13503677.98
 13272882.037 13351575.930999998 13175890.832 12825764.72
 13089777.618000003 12897540.291999998 13942978.764999997
 13802626.651999999 13612428.206999997 13431715.992000002 13484415.408
 13963738.765 13871441.541 14258963.357999997 14369835.866999999
 14079255.298 14246788.726999998 14305054.848 14946234.184
 15253112.017000003 15137624.199000001 14898923.900999999
 15168714.981000002 15681491.294999998 15538693.837000001
 15822709.613999998 15872140.217999998 15427400.322999999 15543245.813
 15731180.822999999 16487859.894 16265346.200000001 16143348.665999997
 15727676.151 0]","[195 215 251 256 277 308 314 328 358 368 364 368 519 551 550 576 603 616
 648 677 699 684 707 714 832 824 838 868 880 908 908 928 939 955 961 975
 970 991 1008 1022 1048 1103 1119 1126 1136 1123 1139 1130 1168 1146 1148
 1155 1163 1165 1165 1162 1154 1153 1153 1140 1148 1197 1138 1132 1148
 1139 1134 1142 1147 1157 1164 1199 1192 1247 1269 1300 1348 1398 1440
 1472 1520 1552 1591 1635 1702 1722 1746 1754 1782 1808 1823 1859 1891
 1944 1965 1983 2092 2143 2205 2255 2221 2405 2526 2596 2680 2759 2846
 2926 3098 3174 3230 3310 3375 3420 3473 3521 3538 3562 3578 3594 3599
 3618 3647 3659 3681 3709 3725 3735 3732 3738 3754 3758 3775 3774 3783
 3784 3783 3948 3939 3957 3960 3965 3978 3996 3906 4065 4137 4297 4496
 4846 5274 5701 6178 6686 7244 7805 8440 8901 9243 9498 9745 10020 10290
 10504 10741 10967 10984 11131 11332 11501 11599 11724 11845 11967 12099
 12254 12394 12568 12715 12846 13201 13445 13569 13756 14031 14269 14530
 14929 15309 15540 15779 16093 16566 16991 17380 17704 18089 18522 19035
 19502 20039 20635 21050 21297 21866 22660 23375 23984 23762 24269 24586
 25020 25397 26124 26137 26553 27193 27522 27854 28171 28491 28820 29164
 29504 29909 30253 30632 31080 33793 34258 35268 35258 36083 37047 37903
 38027 38850 39551 40206 40765 41989 44294 45721 47361 49358 51431 53733
 56306 58993 61598 63839 66985 65981 69770 72296 74346 76366 78606 0]",2004-01-01,Mensal,259
LIVRE,SHV,"[57004.78 58514.87 73191.046 70674.13 89275.647 637498.3709999999
 1159625.517 1167718.425 1127373.949 1215947.161 1155102.8469999998
 1186631.975 1191901.3639999998 1140916.641 1207501.2069999995 1168601.263
 1255420.1739999999 1221771.8399999999 1272345.6349999998 1300973.125
 1278672.6890000002 1347464.09 1322506.413 1369626.6300000001
 1429933.0620000002 1304799.2499999998 1483501.9800000002
 1462073.9380000003 1470295.799 1467672.1090000002 1514387.172 1531678.508
 1484941.2350000003 1548267.085 1494731.6560000002 1521620.406 1551984
 1416260 1578279 1523255 1576033 1530924 1598145 1606827 1559970 1616558
 1563923 1596175 1470945 1418990 1514801 1472638 1500607 1501898 1543337
 1523630 1477047 1557309 1470614 1487878 1458967 1292277 1425667 1383142
 1441470 1435794 1458503 1495488 1445428 1490668 1457313 1475244 1561105
 1440687 1572995 1515961 1584529 1548998 1609923 1621725 1592459 1659875
 1604158 1629506 1642721 1505088 1730568 1676882 1733406 1693124 1754527
 1769619 1690936 1772370 1696734 1701414 1897508.01 1831276 1971890
 1881382 1931578 1811317 1875371 1902202 1863810 1905858 1828230 1850426
 1888347.1 1739028.4 1960983.8 1925989.4 1896472.5 1839312.9 1932837.7
 1941661.7 1843259.1 1864797.1 1819835.4 1874363.7 1856349.7 1681539.1
 1847531.2 1725096.6 1681037.7 1568154.183 1654557.2 1686011.7 1656866.8
 1680443.59 1624824.29 1639113.53 1684851.596 1535776.013 1733311.863
 1583926.2179999999 1550235.386 1514823.469 1578650.959 1617279.804
 1562266.898 1582476.4780000001 1530715.606 1531619.627 1523477.202
 1496221.91 1692773.899 1597245.219 1697125.095 1667421.025 1805277.254
 1787282.096 1789496.833 1790216.619 1812979.802 1814201.516 1924148.019
 1732935.462 2017855.9780000001 1868096.8190000001 1964571.746
 1939064.3599999999 2023870.206 2073895.608 1987750.721 2058091.143
 2021379.281 2032852.474 2049762.5210000004 1857952.978 2048556.729
 1908903.5960000004 1877269.9249999998 1822537.202 1943511.1099999999
 1887710.2429999998 1856028.3069999998 1948116.2380000001 1882245.603
 1906274.5529999998 1981533.242 1820857.7950000002 1932373.9299999997
 1857960.4999999998 1955111.0939999998 1931722.5450000004
 2051419.5070000004 2107264.19 2057090.659 2172532.929 2174359.366
 2218707.665 2225966.696 2100869.953 2053874.1939999997 1736579.566
 1925236.3930000004 1961567.3539999998 2143963.759 2272483.028
 2267280.7720000003 2420796.2099999995 2339798.1599999997
 2371751.8170000003 2385018.235 2274871.367 2473785.604 2425312.276
 2523085.2229999998 2424614.1479999996 2540325.8970000003
 2612602.2260000003 2568326.7819999997 2614598.411 2596917.114
 2683629.6940000006 2583487.791 2409169.754 2556865.036 2505492.892
 2557755.785 2625733.1909999996 2840836.711 2952837.8220000006
 2858074.4290000005 2941280.267 2900039.516 2980807.379 3053338.1280000005
 2872298.8279999997 3237505.8510000003 3119375.035 3201815.693
 3120189.1430000006 3190543.0340000005 3260642.1100000003 3326184.31
 3361106.582 3258821.2369999997 3329044.3370000003 3369460.7369999997
 3190691.769 3421535.07 3306507.266 3511339.6240000003 3470585.163
 3642252.819 3717694.048 3656532.363 3732369.0129999993 3751134.504
 3838357.1789999995 3786054.208 3576373.3899999997 3772769.27 3840753.61
 3967137.295 3827974.01 0]","[6 8 7 7 9 11 14 14 14 17 17 17 30 32 24 26 36 35 36 43 47 50 52 53 58 58
 61 62 61 65 65 65 66 66 67 71 73 74 75 76 76 77 77 77 78 77 78 77 64 62
 62 63 63 64 63 62 60 60 60 60 57 56 56 56 56 55 56 56 57 58 59 61 67 67
 69 77 77 79 79 81 82 87 90 91 99 102 105 107 108 110 112 115 120 123 124
 125 138 140 146 152 157 165 171 182 192 206 206 209 238 250 258 263 266
 271 279 285 285 286 287 288 295 299 299 299 300 303 304 306 306 308 308
 309 313 313 315 315 315 315 316 316 318 319 320 325 351 362 366 394 422
 457 503 536 590 632 704 749 831 849 914 939 984 1012 1028 1044 1067 1080
 1088 1097 1108 1129 1144 1165 1179 1187 1189 1199 1210 1221 1236 1249
 1381 1447 1426 1466 1485 1499 1517 1551 1614 1622 1639 1717 1755 1848
 1972 1951 1998 2069 2215 2252 2363 2535 2518 2471 2600 2932 3262 3493
 2883 2958 2954 3056 3076 3530 3232 3358 3285 3318 3367 3421 3450 3536
 3609 3675 3761 3810 3900 3967 4080 4196 4265 4323 4413 4529 4639 4807
 4964 5101 5208 5357 5725 5962 6203 6474 6671 6923 7161 7478 7820 8240
 8604 9182 9693 10053 10443 10774 11079 11481 0]",2004-01-01,Mensal,259
LIVRE,Residencial,"[   0.       0.       0.       0.       0.       0.       0.       0.
    0.       0.       0.       0.       0.       0.       0.       0.
    0.       0.       0.       0.       0.       0.       0.       0.
    0.       0.       0.       0.       0.       0.       0.       0.
    0.       0.       0.       0.       0.       0.       0.       0.
    0.       0.       0.       0.       0.       0.       0.       0.
    0.       0.       0.       0.       0.       0.       0.       0.
    0.       0.       0.       0.       0.       0.       0.       0.
    0.       0.       0.       0.       0.       0.       0.       0.
    0.       0.       0.       0.       0.       0.       0.       0.
    0.       0.       0.       0.       0.       0.       0.       0.
    0.       0.       0.       0.       0.       0.       0.       0.
    0.       0.       0.       0.       0.       0.       0.       0.
    0.       0.       0.       0.       0.       0.       0.       0.
    0.       0.       0.       0.       0.       0.       0.       0.
    0.       0.       0.       0.       0.       0.       0.       0.
    0.       0.       0.       0.       0.       0.       0.       0.
    0.       0.       0.       0.       0.       0.       0.       0.
    0.       0.       0.       0.       0.       0.       0.       0.
    0.       0.       0.       0.       0.     350.     357.     394.
  343.     348.     384.     328.     308.     281.     357.     352.
  369.525  320.753  398.253  383.451  374.941  364.981  428.329  352.26
  355.978  361.238  334.519  304.599  267.069  367.241  338.281  336.433
  361.466  368.989  484.557  362.925  354.622  429.904  384.868  343.9
  247.913  332.649  443.575  468.952  471.963  495.741  290.066  479.759
  397.602  391.856  438.219  278.54   470.     262.     262.     298.
  436.     436.     374.     336.     419.     391.     453.     415.
  360.414  174.116  349.837  370.88   365.441  406.974  411.834  334.778
  408.696  414.056  423.968  376.553  316.165  190.215  215.522  436.371
  386.968  457.555  421.456  376.926  419.743  372.881  396.301  348.878
 1026.47  1150.6    726.669  549.612  591.037  607.482  685.041  529.325
  757.973  794.207  905.792  967.019 1213.247 1438.302 1592.14  1902.511
 2124.404 2235.146 2624.732]","[  0   0   0   0   0   0   0   0   0   0   0   0   0   0   0   0   0   0
   0   0   0   0   0   0   0   0   0   0   0   0   0   0   0   0   0   0
   0   0   0   0   0   0   0   0   0   0   0   0   0   0   0   0   0   0
   0   0   0   0   0   0   0   0   0   0   0   0   0   0   0   0   0   0
   0   0   0   0   0   0   0   0   0   0   0   0   0   0   0   0   0   0
   0   0   0   0   0   0   0   0   0   0   0   0   0   0   0   0   0   0
   0   0   0   0   0   0   0   0   0   0   0   0   0   0   0   0   0   0
   0   0   0   0   0   0   0   0   0   0   0   0   0   0   0   0   0   0
   0   0   0   0   0   0   0   0   0   0   0   0   0   1   1   1   1   1
   1   1   1   1   1   1   1   1   1   1   1   1   1   1   1   1   1   1
   1   1   1   1   1   1   1   1   1   1   1   1   1   1   1   1   1   1
   1   1   1   1   1   1   1   1   1   1   1   1   1   1   1   1   1   1
   1   1   1   1   1   1   1   1   1   1   1   1   2   2   2   2   2   2
   2   2   2   2   2   2   5   9   7   6   8  10  10  11  13  19  25  32
  40  57  65  73  77  85 102]",2004-01-01,Mensal,259
LIVRE,Industrial,"[ 2942144.434  2835632.715  3031239.245  3191312.553  3292763.612
  3947720.332  4652650.262  4752490.105  4717845.673  4934498.606
  4875369.189  4956768.347  5671981.754  5938627.428  6110372.372
  6363071.616  6381996.807  6304452.851  6584545.427  6903680.985
  6929254.632  6843317.809  6906713.028  7045826.677  7103425.307
  6988389.094  7215018.887  7430311.109  7437712.773  7522304.069
  7691506.424  7951539.859  7708795.131  7803233.941  7870171.144
  7686837.845  7990750.     7700248.     8165816.     8212809.
  8355324.     8290954.     8389591.     8590485.     8526694.
  8590881.     8622324.     8542266.     7887126.     7443966.
  8122056.     7924357.     8082628.     8123012.     8265044.
  8324554.     8083109.     8213140.     7843785.     7081945.
  6498361.6    6287149.7    6734099.5    6853781.3    6815401.6
  6865361.5    7188239.     7468962.1    7550966.1    7711871.4
  7612878.6    7375776.1    7513565.292  7673158.     8051965.
  8217823.     8405194.     8475272.     8671695.     8744416.
  8728135.     8832316.     8767119.     8607408.     8647020.
  8334756.     8780725.     8859696.     8923475.     8921102.
  9010595.     9212977.     9129567.     9191186.     9102314.
  8884098.     9107782.481  9107660.55   9507980.287  9527167.939
  9456221.017  9343480.513  9518061.206  9732412.94   9676572.437
  9767662.015  9636565.039  9103734.745  9320622.448  9268544.982
  9648876.672  9981193.285  9948822.896  9811498.996  9898221.553
 10219756.917  9964557.676  9976449.45  10077494.298  9688441.806
  9577964.622  9383051.274  9437744.941  9589516.569  9381716.102
  9193475.24   9057692.043  9381131.56   9197444.084  9097854.291
  9392759.343  8974233.617  8859311.288  8844461.402  9117743.936
  9114322.489  8971873.124  8855233.336  8804746.562  9029497.498
  8858339.448  8897580.317  8713400.62   8349361.116  8335985.693
  8673044.202  9060374.589  9206309.169  9292332.005  9367559.732
  9670500.14   9918302.176  9913095.893  9935955.979 10045104.5
  9775181.258  9987429.395 10073984.012 10532250.839 10740517.777
 10415088.614 10695724.712 10801161.982 11074390.112 11054964.056
 11015381.51  11164837.621 10909768.196 11515607.135 10846415.469
 11996077.811 11623163.788 11142108.63  11231369.197 11870939.237
 11945131.589 11427081.416 11951900.47  11713635.149 11106420.7
 11692510.332 10965228.88  11546416.824 11408615.476 11769939.47
 11464297.898 11754579.743 11800808.351 11497488.714 12007766.262
 11784392.405 11246168.944 11648953.828 11653586.848 11935247.882
 10351631.053 10613683.508 10746028.757 11938995.257 12464625.439
 12505994.755 13030922.754 12740605.676 12744107.173 12963049.28
 12427633.005 13341707.492 13161796.129 13372961.109 13084819.973
 13385047.765 13462949.136 13174502.761 13591441.745 13445011.522
 13196434.623 13075857.699 12680149.719 13667892.281 13545937.83
 13752566.781 13540474.943 14010136.383 14167962.739 13822052.84
 13944972.635 13659501.685 13213995.356 13383541.478 13042342.031
 14346819.673 14105302.758 14190262.103 14006954.656 14115107.832
 14519316.239 14341574.287 14660045.28  14481034.119 14117787.601
 14180965.403 14115032.641 14826380.446 14941532.055 15158127.515
 14964501.644 15504002.606 15999773.882 15639406.573 15660518.1
 15632718.66  15166159.993 15010618.655 14855383.577 15730018.45
 15617577.191 15880040.305 15496273.371 15700763.707]","[  177   192   216   230   244   271   278   292   300   322   318   320
   470   492   489   511   535   548   560   587   604   588   607   611
   722   708   722   751   761   787   784   803   813   827   827   832
   825   837   851   861   886   900   918   931   940   932   939   933
   956   934   933   941   943   948   945   939   930   930   932   916
   919   929   905   904   908   905   903   908   913   922   929   961
   926   969   987  1008  1033  1068  1101  1122  1161  1182  1213  1235
  1263  1276  1297  1300  1315  1330  1342  1367  1386  1425  1428  1441
  1490  1525  1567  1605  1521  1679  1758  1797  1843  1895  1935  1964
  2058  2096  2114  2162  2201  2216  2239  2256  2261  2270  2274  2273
  2291  2302  2311  2316  2326  2332  2337  2340  2337  2334  2334  2336
  2348  2341  2345  2345  2339  2487  2492  2488  2490  2490  2502  2510
  2359  2474  2524  2606  2706  2887  3118  3321  3589  3862  4162  4381
  4661  4833  4962  5079  5175  5275  5377  5448  5537  5605  5622  5641
  5705  5757  5784  5843  5891  5928  5974  6046  6112  6161  6217  6269
  6407  6498  6543  6616  6723  6833  6950  7124  7272  7348  7425  7534
  7664  7803  7940  8021  8157  8271  8420  8600  8747  8810  9009  8968
  9178  9340  9594  9505  9691  9768  9878 10007 10087 10271 10334 10428
 10510 10594 10658 10752 10834 10917 10997 11127 11239 11345 11411 11553
 12049 12172 12359 12505 12595 12819 12978 13131 13316 13512 13657 13789
 14122 14904 15332 15871 16651 17227 17897 18735 19562 20333 21034 22047
 22058 23362 24141 24800 25431 26014 26601]",2004-01-01,Mensal,259
LIVRE,Comercial,"[  24608.124   24266.51    25380.142   26665.397   31199.903   32083.55
   30989.54    32187.742   35490.856   36637.875   36580.032   37304.851
   47277.828   47088.201   46012.375   48947.76    47726.628   46876.804
   47689.416   49894.184   52731.387   55265.508   61151.01    63115.768
   75359.756   80325.771   82025.387   85797.294   83717.85    94024.798
   96360.988   98762.253  101292.18   101050.249  105814.073  117976.693
  116057.     114706.     118403.     131718.     118608.     136252.
  133378.     112664.     145097.     138877.     147401.     152417.
  153525.     148044.     147522.     149447.     145316.     136840.
  136759.     143378.     142856.     147806.     147843.     150471.
  157481.     154295.     156526.     157675.     154912.     146893.
  140593.     148431.     151692.     155398.     161840.     171074.
  184097.592  189593.     192654.     206246.     209221.     205951.
  202513.     215552.     216153.     226863.     235766.     255446.
  276773.     266652.     264096.     267456.     257663.     254900.
  246638.     263782.     264207.     272047.     286798.     296395.
  320222.     320836.     341214.     350117.     351719.     356678.
  366371.     382925.     393002.     411792.     447898.     476265.
  516164.     511155.     508113.     542310.     518413.     514138.
  507173.     513357.     523526.     533823.     556599.     559818.
  592858.     601036.     579579.     594446.     558811.     542869.
  530077.     541043.     545968.     566883.     590279.     593205.
  618173.     603404.     587872.     596209.     562996.     531858.
  521870.     530163.     538697.     567026.     584032.     595213.
  611723.     597883.     626957.     666414.     659354.     642197.
  669176.     751939.     814104.     886413.     974175.    1080545.
 1216617.    1230242.    1268799.    1325928.    1247386.    1241203.
 1193487.    1244731.    1285242.    1347019.    1399864.    1425215.
 1478672.531 1381544.963 1531693.672 1476100.726 1391167.842 1312885.606
 1329884.557 1357525.699 1354339.377 1444827.986 1479095.3   1562367.513
 1693729.651 1596631.244 1675444.929 1650625.948 1632865.842 1520474.025
 1503082.784 1535913.014 1587622.449 1740102.363 1748113.301 1819257.196
 1894438.232 1807952.084 1754098.452 1403946.96  1335798.805 1393699.117
 1500467.471 1614007.018 1743035.537 1898537.183 1906395.086 2045008.44
 2118697.926 2039865.82  2075816.191 1991532.825 1937373.903 1915458.414
 1923698.813 2020296.405 2114959.004 2198285.444 2238953.694 2365389.464
 2460522.776 2399454.527 2527586.45  2482533.197 2315338.864 2175859.504
 2251991.46  2285033.63  2275419.798 2395503.266 2431006.891 2572365.341
 2678096.299 2657286.675 2815183.146 2780254.396 2630809.586 2545558.293
 2499953.599 2659405.363 2769031.913 2896393.074 3023914.337 3155882.45
 3269137.315 3255156.593 3352866.553 3386043.854 3286187.62  3179531.304
 3029871.648 3116296.142 3217690.604 3441537.603 3568901.673 3643703.265
 3825411.697 3916041.679 3981119.883 3960048.561 3770335.414 3600901.247
 3526177.834]","[   17    20    21    24    31    35    34    33    38    38    38    39
    39    40    41    41    44    44    52    53    57    60    62    64
    71    77    77    78    81    82    85    86    87    89    95   104
   106   114   117   121   122   162   157   154   155   150   158   156
   152   153   156   155   161   158   161   165   166   165   163   166
   171   210   175   170   182   176   173   176   176   177   177   180
   226   235   241   251   274   289   298   309   317   328   335   357
   378   385   386   391   404   415   418   428   441   455   472   475
   506   523   543   557   604   632   672   703   738   763   811   861
   966  1004  1041  1073  1099  1129  1158  1189  1200  1212  1223  1240
  1252  1259  1279  1286  1298  1320  1331  1338  1338  1346  1362  1364
  1371  1377  1382  1383  1388  1405  1391  1413  1414  1419  1420  1430
  1469  1514  1533  1611  1708  1864  2053  2269  2470  2696  2939  3275
  3601  3864  4066  4212  4349  4519  4683  4826  4966  5123  5124  5250
  5375  5488  5557  5622  5695  5776  5854  5938  6010  6119  6203  6284
  6480  6630  6700  6809  6964  7089  7233  7450  7675  7828  7987  8185
  8487  8766  9011  9244  9483  9796 10128 10381 10754 11219 11416 11672
 11935 12536 12966 13653 13220 13639 13804 14088 14328 14858 14813 15132
 15624 15859 16113 16327 16494 16709 16920 17098 17366 17592 17869 18165
 20206 20517 21308 21142 21818 22449 23052 22951 23503 23932 24388 24728
 25428 26806 27700 28714 29731 31053 31954 33362 34833 36416 37720 39500
 38242 40207 41711 42818 44030 45072 46058]",2004-01-01,Mensal,259
LIVRE,Outros,"[   4525.183   15281.119   17839.082   16317.175   15834.866   14962.746
   15342.263   24696.685   52920.271   50121.215   50398.      50155.658
   58297.115  121250.577  113812.647  137330.42   135451.759  138127.395
  155508.266  163537.331  169355.307  152192.541  171813.634  158771.337
  164979.024  165642.128  156004.74   170205.104  154294.437  173658.955
  164614.84   171804.026  172771.16   161424.114  165047.627  160864.549
  167099.     164873.     160949.     174993.     168708.     172874.
  169510.     172418.     176836.     170409.     175440.     170720.
  178401.     177314.     173624.     179630.     177325.     177604.
  173762.     177933.     176134.     174370.     178247.     173460.
  178046.     175422.     178417.     191820.     183433.     182431.
  183159.     184856.     183660.     179208.     186062.     185689.
  171916.     166901.     163083.     179405.     170287.     173027.
  171262.     177374.     179031.     174164.     179351.     180955.
  201829.     193717.     192505.     198848.     193958.     194542.
  188517.     215781.     219727.     216128.     218040.     215355.
  223923.     217353.     219711.     224087.     212198.     208573.
  206488.     219136.     223668.     220754.38   226833.599  220808.71
  227982.     212749.     215567.     216497.     213118.     215046.
  213295.     212480.     215106.     213894.     221431.     215996.
  210818.     226626.     214237.     221878.     212501.     210544.
  199640.     206527.     206520.     208699.59   211271.39   202227.03
  211475.02   210767.76   197221.36   203953.01   196852.01   194827.59
  192886.53   195572.92   198870.35   199834.39   203602.45   196695.59
  241782.03   230961.91   229650.85   241948.78   239945.1    236617.5
  230899.83   253853.31   256937.83   260228.11   278380.39   277508.34
  323171.12   338190.57   344645.51   340482.24   343375.81   336863.96
  346228.     339647.98   365884.94   353565.68   356544.4    351418.05
  421959.873  437718.153  469974.318  429843.091  410630.431  400939.651
  402568.213  442831.673  420944.557  453440.673  451809.538  450631.109
  473090.446  435288.57   484798.519  477450.271  479961.59   448613.674
  487507.621  512997.975  507811.087  540551.116  535752.219  537175.084
  563411.237  525973.377  523111.697  520094.265  507447.63   497470.941
  527701.334  538755.355  573333.018  616406.454  629512.458  626199.765
  621473.063  602283.975  617352.81   664122.804  631995.244  621536.88
  633922.659  688611.52   672723.668  700770.596  710646.654  719642.638
  839900.679  887017.438  865956.617  893518.836  869738.082  865436.473
  860437.892  904727.964  884302.707  871592.17   873188.9    889682.099
  972608.892  939667.392  934398.383  979201.546  913564.936  933018.29
  920772.218  981441.498 1004277.409 1012757.227 1043700.791 1069172.043
 1108557.016 1088375.151 1169112.344 1226861.344 1216084.829 1231747.174
 1265779.643 1344360.532 1385626.035 1487216.56  1461078.894 1502303.87
 1538270.544 1578296.408 1590838.682 1599232.073 1554332.505 1539850.431
 1530601.905]","[   1    3   14    2    2    2    2    3   20    8    8    9   10   19
   20   24   24   24   36   37   38   36   38   39   39   39   39   39
   38   39   39   39   39   39   39   39   39   40   40   40   40   41
   44   41   41   41   42   41   60   59   59   59   59   59   59   58
   58   58   58   58   58   58   58   58   58   58   58   58   58   58
   58   58   40   43   41   41   41   41   41   41   42   42   43   43
   61   61   63   63   63   63   63   64   64   64   65   67   96   95
   95   93   96   94   96   96   99  101  100  101   74   74   75   75
   75   75   76   76   77   80   81   81   56   57   57   57   57   57
   57   57   57   58   58   58   56   56   56   56   56   56   56   56
   56   56   56   56   78   77   80   80   82   95  103  111  119  128
  143  149  178  203  214  206  220  225  229  229  237  238  237  239
  251  255  257  258  258  262  270  269  271  287  294  292  313  316
  325  330  343  346  346  354  361  363  366  373  414  421  428  438
  448  454  486  520  537  605  624  656  752  783  814  825  850  861
  903  924  981  994  989  992 1058 1068 1082 1091 1162 1193 1246 1278
 1303 1315 1351 1361 1536 1567 1599 1609 1668 1777 1871 1943 2029 2105
 2159 2246 2434 2575 2682 2770 2968 3141 3872 4198 4585 4830 5060 5406
 5641 6144 6379 6655 6828 7435 7678]",2004-01-01,Mensal,259
