Nome: GRA. JURITI (PETROPOL.
Codigo Estacao: 83087
Latitude: -22.2865
Longitude: -43.045917
Altitude: 1012.16
Situacao: Desativada
Data Inicial: 2004-01-01
Data Final: 2007-07-03
Periodicidade da Medicao: Mensal

Data Medicao;TEMPERATURA MEDIA COMPENSADA, MENSAL(°C);
2004-01-31;null;
2004-02-29;null;
2004-03-31;null;
2004-04-30;null;
2004-05-31;null;
2004-06-30;null;
2004-07-31;null;
2004-08-31;null;
2004-09-30;null;
2004-10-31;null;
2004-11-30;null;
2004-12-31;null;
2005-01-31;null;
2005-02-28;null;
2005-03-31;null;
2005-04-30;null;
2005-05-31;null;
2005-06-30;null;
2005-07-31;null;
2005-08-31;null;
2005-09-30;null;
2005-10-31;null;
2005-11-30;null;
2005-12-31;null;
2006-01-31;null;
2006-02-28;null;
2006-03-31;null;
2006-04-30;null;
2006-05-31;null;
2006-06-30;null;
2006-07-31;null;
2006-08-31;null;
2006-09-30;null;
2006-10-31;null;
2006-11-30;null;
2006-12-31;null;
2007-01-31;null;
2007-02-28;null;
2007-03-31;null;
2007-04-30;null;
2007-05-31;null;
2007-06-30;null;
2007-07-31;null;

